<html>
<META HTTP-EQUIV="Content-Type" CONTENT="text/html; charset=ISO-8859-2">  <b><font  face=Times size=4>  Koda postaje: G401 Lj-Vojkova (LjVo - 2/14) Ljubljansko polje  </font></b>  <br/>
 <font  face=Times size=4> Ime postaje: gober1  </font>  <br/>
 <font  face=Times size=4> Tip postaje: 004  </font>  <br/>
 <font  face=Times size=4> Tip datoteke: K01  </font>  <br/>
 <font  face=Times size=4> Ime lokacije: Lj-Vojkova (LjVo - 2/14)  </font>  <br/>
 <font  face=Times size=4> Koda lokacije: 85069  </font>  <br/>
    <font  face=Times size=4>Gx lokacije=102514, </font> <font  face=Times size=4>Gy lokacije=462654 </font>  <font  face=Times size=4>Gz lokacije=368,02  </font><br/> 
 <br/> 
<table border=1 cellpadding=5 >
<tr >
		<td><b><font  face=Times size=3>Tip</font></b></td>
		<td><b><font  face=Times size=3>Serijska &#0353;tevilka </font></b></td>
		<td><b><font  face=Times size=3>Serijska &#0353;tevilka </font></b></td>
		<td><b><font  face=Times size=3>Proizvajalec</font></b></td>
		
		<td><b><font  face=Times size=3>Merjeni_parameter</font></b></td>
		<td><b><font  face=Times size=3>pcode</font></b></td>
		<td><b><font  face=Times size=3>aktiven</font></b></td>
		
		<td><b><font  face=Times size=3>Oznaka certifikata</font></b></td>
		<td><b><font  face=Times size=3>Datum certifikata</font></b></td>
		
		<td><b><font  face=Times size=3>Gx</font></b></td>
		<td><b><font  face=Times size=3>Gy</font></b></td>
		<td><b><font  face=Times size=3>Gz</font></b></td>
		
     </tr>
<tr>
          <td>GSR120NTG</td>
    	  <td>15050723</td>
		   <td>15050723</td>
		  <td>ELTRATEC</td>	  
		  <td>temperatura podzemne vode</td> 
		  <td>5030</td> 
		  <td>D</td> 
		    <td><a href="izpis_dok.php?id_kal=30779">gsr15050723</a></td>	  		
		   <td>06.06.15</td>		  
		   <td>102514</td>
		   <td>462654</td>
		   <td>368,02</td>
	  </tr>
<tr>
          <td>GSR120NTG</td>
    	  <td>15050723</td>
		   <td>15050723</td>
		  <td>ELTRATEC</td>	  
		  <td>elektri�na prevodnost podzemne vode</td> 
		  <td>5143</td> 
		  <td>D</td> 
		    <td><a href="izpis_dok.php?id_kal=30778">gsr15050723</a></td>	  		
		   <td>06.06.15</td>		  
		   <td>102514</td>
		   <td>462654</td>
		   <td>368,02</td>
	  </tr>
<tr>
          <td>GSR120NTG</td>
    	  <td>15050723</td>
		   <td>15050723</td>
		  <td>ELTRATEC</td>	  
		  <td>globina do podzemne vode </td> 
		  <td>5060</td> 
		  <td>D</td> 
		    <td><a href="izpis_dok.php?id_kal=30780">gsr15050723</a></td>	  		
		   <td>06.06.15</td>		  
		   <td>102514</td>
		   <td>462654</td>
		   <td>368,02</td>
	  </tr>
<tr>
          <td>mbIO120</td>
    	  <td>15040524</td>
		   <td>15040524</td>
		  <td>ELTRATEC</td>	  
		  <td>vlaga (omarica) - podzemne vode</td> 
		  <td>5035</td> 
		  <td>D</td> 
		    <td><a href="izpis_dok.php?id_kal=30782">mbi15040524</a></td>	  		
		   <td>15.04.15</td>		  
		   <td>102514</td>
		   <td>462654</td>
		   <td>368,02</td>
	  </tr>
<tr>
          <td>mbIO120</td>
    	  <td>15040524</td>
		   <td>15040524</td>
		  <td>ELTRATEC</td>	  
		  <td>temperatura zraka v omarici - podzemne vode</td> 
		  <td>5014</td> 
		  <td>D</td> 
		    <td><a href="izpis_dok.php?id_kal=30781">mbi15040524</a></td>	  		
		   <td>15.04.15</td>		  
		   <td>102514</td>
		   <td>462654</td>
		   <td>368,02</td>
	  </tr>
<tr>
          <td>mbIO120</td>
    	  <td>15040524</td>
		   <td>15040524</td>
		  <td>ELTRATEC</td>	  
		  <td>napajalna napetost</td> 
		  <td>5070</td> 
		  <td>D</td> 
		    <td><a href="izpis_dok.php?id_kal=30783">mbi15040524</a></td>	  		
		   <td>15.04.15</td>		  
		   <td>102514</td>
		   <td>462654</td>
		   <td>368,02</td>
	  </tr>
<tr>
          <td>1000_1000EO700-230V</td>
    	  <td>00036</td>
		   <td>00036</td>
		  <td>ROBOTINA</td>	  
		  <td></td> 
		  <td></td> 
		  <td></td> 
		    <td><a href="izpis_dok.php?id_kal=30774">C230-00036</a></td>	  		
		   <td>08.06.15</td>		  
		   <td>102514</td>
		   <td>462654</td>
		   <td>368,02</td>
	  </tr>
</table>
 <br/> 
<HR noshade>	
<b><center> <font  color=red face=Times size=3> XOBER - Nastavitve za operativno ARSO mre&#0382;o  </font></center></b> 
<HR noshade>	
<table border=1 cellpadding=5 >
<tr >
		<td><b><font  face=Times size=3> </font></b></td>
		<td><b><font  face=Times size=3>NAME </font></b></td>
		<td><b><font  face=Times size=3>IP</font></b></td>
		<td><b><font  face=Times size=3>NETMASK</font></b></td>
		<td><b><font  face=Times size=3>BROADCAST</font></b></td>
		<td><b><font  face=Times size=3>GATEWAY</font></b></td>  
     </tr>
<tr>
    	  <td>ETH0</td>
		  <td>G401.arso.sigov.si</td>
		  <td>172.19.6.17</td>	  
		  <td>255.255.224.0</td>	  
		  <td>172.19.31.255</td>	
		  <td>172.19.0.1</td>	  	
	  </tr>
</table>
 <br/> 
<b><font  face=Times size=3>  Serverji  </font></b> 
<table border=1 cellpadding=5 >
<tr> <td>DNS</td>	 <td>172.19.0.55, 172.19.0.51, 172.19.0.40</td>  </tr>
	  <tr> <td>PING</td> <td>172.19.0.1</td>  </tr>	  
	  <tr> <td>NTP </td> <td>ntp.arso.sigov.si</td>	 </tr>
	  
		  
	  </tr>
</table>
<table border=1 cellpadding=5 >
<tr></tr>
<tr >
		<td><b><font  face=Times size=3>Port</font></b></td>
		<td><b><font  face=Times size=3>Server</font></b></td>
		<td><b><font  face=Times size=3>Username</font></b></td>
		<td><b><font  face=Times size=3>Password</font></b></td>
     </tr>

	  <tr> <td>FTP &nbsp;</td> <td>gober.arso.sigov.si&nbsp;&nbsp;&nbsp;&nbsp;&nbsp;&nbsp;&nbsp;&nbsp;&nbsp;&nbsp;&nbsp;&nbsp;&nbsp;&nbsp;&nbsp;&nbsp;&nbsp;&nbsp;&nbsp;&nbsp;&nbsp;&nbsp;&nbsp;&nbsp;&nbsp;&nbsp;&nbsp;&nbsp;&nbsp;</td>	
		  <td>G401</td>
		  <td>GoberZaAMP</td>	
	  </tr>
</table>
 <br/> 
                              