<html>
<META HTTP-EQUIV="Content-Type" CONTENT="text/html; charset=ISO-8859-2">  <b><font  face=Times size=4>  Koda postaje: G428 Mali Segovci (MSeg - 1/14) Apa�ko polje  </font></b>  <br/>
 <font  face=Times size=4> Ime postaje: gober28  </font>  <br/>
 <font  face=Times size=4> Tip postaje: 004  </font>  <br/>
 <font  face=Times size=4> Tip datoteke: K01  </font>  <br/>
 <font  face=Times size=4> Ime lokacije: Mali Segovci (MSeg - 1/14)  </font>  <br/>
 <font  face=Times size=4> Koda lokacije: 10068  </font>  <br/>
    <font  face=Times size=4>Gx lokacije=172014, </font> <font  face=Times size=4>Gy lokacije=570590 </font>  <font  face=Times size=4>Gz lokacije=216,78  </font><br/> 
 <br/> 
<table border=1 cellpadding=5 >
<tr >
		<td><b><font  face=Times size=3>Tip</font></b></td>
		<td><b><font  face=Times size=3>Serijska &#0353;tevilka </font></b></td>
		<td><b><font  face=Times size=3>Serijska &#0353;tevilka </font></b></td>
		<td><b><font  face=Times size=3>Proizvajalec</font></b></td>
		
		<td><b><font  face=Times size=3>Merjeni_parameter</font></b></td>
		<td><b><font  face=Times size=3>pcode</font></b></td>
		<td><b><font  face=Times size=3>aktiven</font></b></td>
		
		<td><b><font  face=Times size=3>Oznaka certifikata</font></b></td>
		<td><b><font  face=Times size=3>Datum certifikata</font></b></td>
		
		<td><b><font  face=Times size=3>Gx</font></b></td>
		<td><b><font  face=Times size=3>Gy</font></b></td>
		<td><b><font  face=Times size=3>Gz</font></b></td>
		
     </tr>
<tr>
          <td>GSR120NTG</td>
    	  <td>14101810</td>
		   <td>14101810</td>
		  <td>ELTRATEC</td>	  
		  <td>temperatura podzemne vode</td> 
		  <td>5030</td> 
		  <td>D</td> 
		    <td><a href="izpis_dok.php?id_kal=28161">gsr14101810</a></td>	  		
		   <td>13.11.14</td>		  
		   <td>172014</td>
		   <td>570590</td>
		   <td>216,78</td>
	  </tr>
<tr>
          <td>GSR120NTG</td>
    	  <td>14101810</td>
		   <td>14101810</td>
		  <td>ELTRATEC</td>	  
		  <td>elektri�na prevodnost podzemne vode</td> 
		  <td>5143</td> 
		  <td>D</td> 
		    <td><a href="izpis_dok.php?id_kal=28160">gsr14101810</a></td>	  		
		   <td>13.11.14</td>		  
		   <td>172014</td>
		   <td>570590</td>
		   <td>216,78</td>
	  </tr>
<tr>
          <td>GSR120NTG</td>
    	  <td>14101810</td>
		   <td>14101810</td>
		  <td>ELTRATEC</td>	  
		  <td>globina do podzemne vode </td> 
		  <td>5060</td> 
		  <td>D</td> 
		    <td><a href="izpis_dok.php?id_kal=28162">gsr14101810</a></td>	  		
		   <td>13.11.14</td>		  
		   <td>172014</td>
		   <td>570590</td>
		   <td>216,78</td>
	  </tr>
<tr>
          <td>mbIO120</td>
    	  <td>14081139</td>
		   <td>14081139</td>
		  <td>ELTRATEC</td>	  
		  <td>vlaga (omarica) - podzemne vode</td> 
		  <td>5035</td> 
		  <td>D</td> 
		    <td><a href="izpis_dok.php?id_kal=28170">mbi14081139</a></td>	  		
		   <td>05.08.14</td>		  
		   <td>172014</td>
		   <td>570590</td>
		   <td>216,78</td>
	  </tr>
<tr>
          <td>mbIO120</td>
    	  <td>14081139</td>
		   <td>14081139</td>
		  <td>ELTRATEC</td>	  
		  <td>temperatura zraka v omarici - podzemne vode</td> 
		  <td>5014</td> 
		  <td>D</td> 
		    <td><a href="izpis_dok.php?id_kal=28171">mbi14081139</a></td>	  		
		   <td>05.08.14</td>		  
		   <td>172014</td>
		   <td>570590</td>
		   <td>216,78</td>
	  </tr>
<tr>
          <td>mbIO120</td>
    	  <td>14081139</td>
		   <td>14081139</td>
		  <td>ELTRATEC</td>	  
		  <td>napajalna napetost</td> 
		  <td>5070</td> 
		  <td>D</td> 
		    <td><a href="izpis_dok.php?id_kal=28169">mbi14081139</a></td>	  		
		   <td>05.08.14</td>		  
		   <td>172014</td>
		   <td>570590</td>
		   <td>216,78</td>
	  </tr>
<tr>
          <td>1000_1000EO700-sp</td>
    	  <td>00072</td>
		   <td>00072</td>
		  <td>ROBOTINA</td>	  
		  <td></td> 
		  <td></td> 
		  <td></td> 
		    <td><a href="izpis_dok.php?id_kal=28099">Csp-00072</a></td>	  		
		   <td>23.07.14</td>		  
		   <td>172014</td>
		   <td>570590</td>
		   <td>216,78</td>
	  </tr>
</table>
 <br/> 
<HR noshade>	
<b><center> <font  color=red face=Times size=3> XOBER - Nastavitve za operativno ARSO mre&#0382;o  </font></center></b> 
<HR noshade>	
<table border=1 cellpadding=5 >
<tr >
		<td><b><font  face=Times size=3> </font></b></td>
		<td><b><font  face=Times size=3>NAME </font></b></td>
		<td><b><font  face=Times size=3>IP</font></b></td>
		<td><b><font  face=Times size=3>NETMASK</font></b></td>
		<td><b><font  face=Times size=3>BROADCAST</font></b></td>
		<td><b><font  face=Times size=3>GATEWAY</font></b></td>  
     </tr>
<tr>
    	  <td>ETH0</td>
		  <td>xober-servis</td>
		  <td>192.168.5.127</td>	  
		  <td>255.255.255.0</td>	  
		  <td></td>	
		  <td></td>	  	
	  </tr>
</table>
 <br/> 
 <br/> 
<b><font  face=Times size=3>  GSM kartica  </font></b> 
<table  border=1  cellpadding=3>
<tr >
		<td><b><font  face=Times size=3>IP</font></b></td>
		<td><b><font  face=Times size=3>SIM_NO</font></b></td>
		<td><b><font  face=Times size=3>SIM_SN</font></b></td>
		<td><b><font  face=Times size=3>PIN</font></b></td>
		<td><b><font  face=Times size=3>PUK</font></b></td>
		<td><b><font  face=Times size=3>APN</font></b></td>
		<td><b><font  face=Times size=3>USERNAME</font></b></td>
		<td><b><font  face=Times size=3>PASSWORD</font></b></td>
		<td><b><font  face=Times size=3>DNS_NAME</font></b></td>
     </tr>
<tr>
    	  <td>172.19.161.95</td>	  
		  <td>041 349 949</td>	  
		  <td>140213171996</td>	  
		  <td>pina ni</td>	  
		  <td></td>	  
		  <td>arso.si</td>	  
		  <td>38641349949</td>
		  <td>arso</td>
		  <td>G428.gprs.arso.sigov.si</td>	
	  </tr>
</table>
 <br/> 
<b><font  face=Times size=3>  Serverji  </font></b> 
<table border=1 cellpadding=5 >
<tr> <td>DNS</td>	 <td>172.19.0.55, 172.19.0.51, 172.19.0.40</td>  </tr>
	  <tr> <td>PING</td> <td>172.19.0.1</td>  </tr>	  
	  <tr> <td>NTP </td> <td>ntp.arso.sigov.si</td>	 </tr>
	  
		  
	  </tr>
</table>
<table border=1 cellpadding=5 >
<tr></tr>
<tr >
		<td><b><font  face=Times size=3>Port</font></b></td>
		<td><b><font  face=Times size=3>Server</font></b></td>
		<td><b><font  face=Times size=3>Username</font></b></td>
		<td><b><font  face=Times size=3>Password</font></b></td>
     </tr>

	  <tr> <td>FTP &nbsp;</td> <td>gober.arso.sigov.si&nbsp;&nbsp;&nbsp;&nbsp;&nbsp;&nbsp;&nbsp;&nbsp;&nbsp;&nbsp;&nbsp;&nbsp;&nbsp;&nbsp;&nbsp;&nbsp;&nbsp;&nbsp;&nbsp;&nbsp;&nbsp;&nbsp;&nbsp;&nbsp;&nbsp;&nbsp;&nbsp;&nbsp;&nbsp;</td>	
		  <td>G428</td>
		  <td>GoberZaAMP</td>	
	  </tr>
</table>
 <br/> 
                              