<html>
<META HTTP-EQUIV="Content-Type" CONTENT="text/html; charset=ISO-8859-2">  <b><font  face=Times size=4>  Koda postaje: G432 Ljubljana-Rakova Jelša (LjRJ - 4/15) Ljubljansko barje  </font></b>  <br/>
 <font  face=Times size=4> Ime postaje: gober32  </font>  <br/>
 <font  face=Times size=4> Tip postaje: 004  </font>  <br/>
 <font  face=Times size=4> Tip datoteke: K01  </font>  <br/>
 <font  face=Times size=4> Ime lokacije: Ljubljana-Rakova Jelša (LjRJ - 4/15)  </font>  <br/>
 <font  face=Times size=4> Koda lokacije: 90048  </font>  <br/>
    <font  face=Times size=4>Gx lokacije=95758, </font> <font  face=Times size=4>Gy lokacije=459193 </font>  <font  face=Times size=4>Gz lokacije=288.88  </font><br/> 
 <br/> 
<table border=1 cellpadding=5 >
<tr >
		<td><b><font  face=Times size=3>Tip</font></b></td>
		<td><b><font  face=Times size=3>Serijska &#0353;tevilka </font></b></td>
		<td><b><font  face=Times size=3>Serijska &#0353;tevilka </font></b></td>
		<td><b><font  face=Times size=3>Proizvajalec</font></b></td>
		
		<td><b><font  face=Times size=3>Merjeni_parameter</font></b></td>
		<td><b><font  face=Times size=3>pcode</font></b></td>
		<td><b><font  face=Times size=3>aktiven</font></b></td>
		
		<td><b><font  face=Times size=3>Oznaka certifikata</font></b></td>
		<td><b><font  face=Times size=3>Datum certifikata</font></b></td>
		
		<td><b><font  face=Times size=3>Gx</font></b></td>
		<td><b><font  face=Times size=3>Gy</font></b></td>
		<td><b><font  face=Times size=3>Gz</font></b></td>
		
     </tr>
<tr>
          <td>1000_1000EO700-sp</td>
    	  <td>00143</td>
		   <td>00143</td>
		  <td>ROBOTINA</td>	  
		  <td></td> 
		  <td></td> 
		  <td></td> 
		    <td><a href="izpis_dok.php?id_kal=32359">Csp-00143</a></td>	  		
		   <td>01-JUL-15</td>		  
		   <td>95758</td>
		   <td>459193</td>
		   <td>288.88</td>
	  </tr>
<tr>
          <td>GSR120NTG</td>
    	  <td>15071033</td>
		   <td>15071033</td>
		  <td>ELTRATEC</td>	  
		  <td>globina do podzemne vode </td> 
		  <td>5060</td> 
		  <td>D</td> 
		    <td><a href="izpis_dok.php?id_kal=32365">gsr15071033</a></td>	  		
		   <td>10-JUL-15</td>		  
		   <td>95758</td>
		   <td>459193</td>
		   <td>288.88</td>
	  </tr>
<tr>
          <td>GSR120NTG</td>
    	  <td>15071033</td>
		   <td>15071033</td>
		  <td>ELTRATEC</td>	  
		  <td>temperatura podzemne vode</td> 
		  <td>5030</td> 
		  <td>D</td> 
		    <td><a href="izpis_dok.php?id_kal=32364">gsr15071033</a></td>	  		
		   <td>10-JUL-15</td>		  
		   <td>95758</td>
		   <td>459193</td>
		   <td>288.88</td>
	  </tr>
<tr>
          <td>GSR120NTG</td>
    	  <td>15071033</td>
		   <td>15071033</td>
		  <td>ELTRATEC</td>	  
		  <td>električna prevodnost podzemne vode</td> 
		  <td>5143</td> 
		  <td>D</td> 
		    <td><a href="izpis_dok.php?id_kal=32363">gsr15071033</a></td>	  		
		   <td>10-JUL-15</td>		  
		   <td>95758</td>
		   <td>459193</td>
		   <td>288.88</td>
	  </tr>
<tr>
          <td>mbIO120</td>
    	  <td>15050602</td>
		   <td>15050602</td>
		  <td>ELTRATEC</td>	  
		  <td>vlaga (omarica) - podzemne vode</td> 
		  <td>5035</td> 
		  <td>D</td> 
		    <td><a href="izpis_dok.php?id_kal=32367">mbi15050602</a></td>	  		
		   <td>15-MAY-15</td>		  
		   <td>95758</td>
		   <td>459193</td>
		   <td>288.88</td>
	  </tr>
<tr>
          <td>mbIO120</td>
    	  <td>15050602</td>
		   <td>15050602</td>
		  <td>ELTRATEC</td>	  
		  <td>temperatura zraka v omarici - podzemne vode</td> 
		  <td>5014</td> 
		  <td>D</td> 
		    <td><a href="izpis_dok.php?id_kal=32366">mbi15050602</a></td>	  		
		   <td>15-MAY-15</td>		  
		   <td>95758</td>
		   <td>459193</td>
		   <td>288.88</td>
	  </tr>
<tr>
          <td>mbIO120</td>
    	  <td>15050602</td>
		   <td>15050602</td>
		  <td>ELTRATEC</td>	  
		  <td>napajalna napetost</td> 
		  <td>5070</td> 
		  <td>D</td> 
		    <td><a href="izpis_dok.php?id_kal=32368">mbi15050602</a></td>	  		
		   <td>15-MAY-15</td>		  
		   <td>95758</td>
		   <td>459193</td>
		   <td>288.88</td>
	  </tr>
</table>
 <br/> 
<HR noshade>	
<b><center> <font  color=red face=Times size=3> XOBER - Nastavitve za operativno ARSO mre&#0382;o  </font></center></b> 
<HR noshade>	
<table border=1 cellpadding=5 >
<tr >
		<td><b><font  face=Times size=3> </font></b></td>
		<td><b><font  face=Times size=3>NAME </font></b></td>
		<td><b><font  face=Times size=3>IP</font></b></td>
		<td><b><font  face=Times size=3>NETMASK</font></b></td>
		<td><b><font  face=Times size=3>BROADCAST</font></b></td>
		<td><b><font  face=Times size=3>GATEWAY</font></b></td>  
     </tr>
<tr>
    	  <td>ETH0</td>
		  <td>xober-servis</td>
		  <td>192.168.5.127</td>	  
		  <td>255.255.255.0</td>	  
		  <td></td>	
		  <td></td>	  	
	  </tr>
</table>
 <br/> 
 <br/> 
<b><font  face=Times size=3>  GSM kartica  </font></b> 
<table  border=1  cellpadding=3>
<tr >
		<td><b><font  face=Times size=3>IP</font></b></td>
		<td><b><font  face=Times size=3>SIM_NO</font></b></td>
		<td><b><font  face=Times size=3>SIM_SN</font></b></td>
		<td><b><font  face=Times size=3>PIN</font></b></td>
		<td><b><font  face=Times size=3>PUK</font></b></td>
		<td><b><font  face=Times size=3>APN</font></b></td>
		<td><b><font  face=Times size=3>USERNAME</font></b></td>
		<td><b><font  face=Times size=3>PASSWORD</font></b></td>
		<td><b><font  face=Times size=3>DNS_NAME</font></b></td>
     </tr>
<tr>
    	  <td>172.19.161.164</td>	  
		  <td>051 327 427</td>	  
		  <td>140332221375</td>	  
		  <td>pina ni</td>	  
		  <td></td>	  
		  <td>arso.si</td>	  
		  <td>38651327427</td>
		  <td>arso</td>
		  <td>G432.gprs.arso.sigov.si</td>	
	  </tr>
</table>
 <br/> 
<b><font  face=Times size=3>  Serverji  </font></b> 
<table border=1 cellpadding=5 >
<tr> <td>DNS</td>	 <td>172.19.0.55, 172.19.0.51, 172.19.0.40</td>  </tr>
	  <tr> <td>PING</td> <td>172.19.0.1</td>  </tr>	  
	  <tr> <td>NTP </td> <td>ntp.arso.sigov.si</td>	 </tr>
	  
		  
	  </tr>
</table>
<table border=1 cellpadding=5 >
<tr></tr>
<tr >
		<td><b><font  face=Times size=3>Port</font></b></td>
		<td><b><font  face=Times size=3>Server</font></b></td>
		<td><b><font  face=Times size=3>Username</font></b></td>
		<td><b><font  face=Times size=3>Password</font></b></td>
     </tr>

	  <tr> <td>FTP &nbsp;</td> <td>gober.arso.sigov.si&nbsp;&nbsp;&nbsp;&nbsp;&nbsp;&nbsp;&nbsp;&nbsp;&nbsp;&nbsp;&nbsp;&nbsp;&nbsp;&nbsp;&nbsp;&nbsp;&nbsp;&nbsp;&nbsp;&nbsp;&nbsp;&nbsp;&nbsp;&nbsp;&nbsp;&nbsp;&nbsp;&nbsp;&nbsp;</td>	
		  <td>G432</td>
		  <td>GoberZaAMP</td>	
	  </tr>
</table>
 <br/> 
                              