<html>
<META HTTP-EQUIV="Content-Type" CONTENT="text/html; charset=ISO-8859-2">  <b><font  face=Times size=4>  Koda postaje: H422 Metni Vrh Sevni�na  </font></b>  <br/>
 <font  face=Times size=4> Ime postaje: hober22  </font>  <br/>
 <font  face=Times size=4> Tip postaje: 001  </font>  <br/>
 <font  face=Times size=4> Tip datoteke: K01  </font>  <br/>
 <font  face=Times size=4> Ime lokacije: Metni Vrh  </font>  <br/>
 <font  face=Times size=4> Koda lokacije: 04706  </font>  <br/>
    <font  face=Times size=4>Gx lokacije=97996, </font> <font  face=Times size=4>Gy lokacije=523421 </font>  <font  face=Times size=4>Gz lokacije=205,5  </font><br/> 
 <br/> 
<table border=1 cellpadding=5 >
<tr >
		<td><b><font  face=Times size=3>Tip</font></b></td>
		<td><b><font  face=Times size=3>Serijska &#0353;tevilka </font></b></td>
		<td><b><font  face=Times size=3>Serijska &#0353;tevilka </font></b></td>
		<td><b><font  face=Times size=3>Proizvajalec</font></b></td>
		
		<td><b><font  face=Times size=3>Merjeni_parameter</font></b></td>
		<td><b><font  face=Times size=3>pcode</font></b></td>
		<td><b><font  face=Times size=3>aktiven</font></b></td>
		
		<td><b><font  face=Times size=3>Oznaka certifikata</font></b></td>
		<td><b><font  face=Times size=3>Datum certifikata</font></b></td>
		
		<td><b><font  face=Times size=3>Gx</font></b></td>
		<td><b><font  face=Times size=3>Gy</font></b></td>
		<td><b><font  face=Times size=3>Gz</font></b></td>
		
     </tr>
<tr>
          <td>GSR120NT</td>
    	  <td>R14/01-003</td>
		   <td>14010003</td>
		  <td>ELTRATEC</td>	  
		  <td>vodostaj - sonda</td> 
		  <td>4060</td> 
		  <td>D</td> 
		    <td><a href="izpis_dok.php?id_kal=24983">gsr14/01-003</a></td>	  		
		   <td>09.01.14</td>		  
		   <td>97996</td>
		   <td>523421</td>
		   <td>205,5</td>
	  </tr>
<tr>
          <td>GSR120NT</td>
    	  <td>R14/01-003</td>
		   <td>14010003</td>
		  <td>ELTRATEC</td>	  
		  <td>T vode - sonda</td> 
		  <td>4030</td> 
		  <td>D</td> 
		    <td><a href="izpis_dok.php?id_kal=24984">gsr14/01-003</a></td>	  		
		   <td>09.01.14</td>		  
		   <td>97996</td>
		   <td>523421</td>
		   <td>205,5</td>
	  </tr>
<tr>
          <td>mbIO120</td>
    	  <td>R14/01-014</td>
		   <td>14010014</td>
		  <td>ELTRATEC</td>	  
		  <td>temperatura zraka v omarici</td> 
		  <td>4014</td> 
		  <td>D</td> 
		    <td><a href="izpis_dok.php?id_kal=24986">mbi14/01-014</a></td>	  		
		   <td>09.01.14</td>		  
		   <td>97996</td>
		   <td>523421</td>
		   <td>205,5</td>
	  </tr>
<tr>
          <td>mbIO120</td>
    	  <td>R14/01-014</td>
		   <td>14010014</td>
		  <td>ELTRATEC</td>	  
		  <td>relativna vlaga v omarici</td> 
		  <td>4035</td> 
		  <td>D</td> 
		    <td><a href="izpis_dok.php?id_kal=24987">mbi14/01-014</a></td>	  		
		   <td>09.01.14</td>		  
		   <td>97996</td>
		   <td>523421</td>
		   <td>205,5</td>
	  </tr>
<tr>
          <td>mbIO120</td>
    	  <td>R14/01-014</td>
		   <td>14010014</td>
		  <td>ELTRATEC</td>	  
		  <td>napajalna napetost</td> 
		  <td>4070</td> 
		  <td>D</td> 
		    <td><a href="izpis_dok.php?id_kal=24988">mbi14/01-014</a></td>	  		
		   <td>09.01.14</td>		  
		   <td>97996</td>
		   <td>523421</td>
		   <td>205,5</td>
	  </tr>
<tr>
          <td>VEGApuls 67</td>
    	  <td>26942370</td>
		   <td>26942370</td>
		  <td>VEGA</td>	  
		  <td>vodostaj - radarski merilnik</td> 
		  <td>4061</td> 
		  <td>D</td> 
		    <td><a href="izpis_dok.php?id_kal=25387">D_1978481_1_26942370</a></td>	  		
		   <td>14.02.14</td>		  
		   <td>97996</td>
		   <td>523421</td>
		   <td>205,5</td>
	  </tr>
<tr>
          <td>1000_1000EO700-sp</td>
    	  <td>00025</td>
		   <td>00025</td>
		  <td>ROBOTINA</td>	  
		  <td></td> 
		  <td></td> 
		  <td></td> 
		    <td><b>CSP00025</b></td>	  		
		   <td>21.01.14</td>		  
		   <td>97996</td>
		   <td>523421</td>
		   <td>205,5</td>
	  </tr>
<tr>
          <td>1000_1000EO700-sp</td>
    	  <td>00025</td>
		   <td>00025</td>
		  <td>ROBOTINA</td>	  
		  <td></td> 
		  <td></td> 
		  <td></td> 
		    <td><a href="izpis_dok.php?id_kal=25259">CSP00025</a></td>	  		
		   <td>21.01.14</td>		  
		   <td>97996</td>
		   <td>523421</td>
		   <td>205,5</td>
	  </tr>
</table>
 <br/> 
<HR noshade>	
<b><center> <font  color=red face=Times size=3> XOBER - Nastavitve za operativno ARSO mre&#0382;o  </font></center></b> 
<HR noshade>	
<table border=1 cellpadding=5 >
<tr >
		<td><b><font  face=Times size=3> </font></b></td>
		<td><b><font  face=Times size=3>NAME </font></b></td>
		<td><b><font  face=Times size=3>IP</font></b></td>
		<td><b><font  face=Times size=3>NETMASK</font></b></td>
		<td><b><font  face=Times size=3>BROADCAST</font></b></td>
		<td><b><font  face=Times size=3>GATEWAY</font></b></td>  
     </tr>
<tr>
    	  <td>ETH0</td>
		  <td>xober-servis</td>
		  <td>192.168.5.127</td>	  
		  <td>255.255.255.0</td>	  
		  <td></td>	
		  <td></td>	  	
	  </tr>
</table>
 <br/> 
 <br/> 
<b><font  face=Times size=3>  GSM kartica  </font></b> 
<table  border=1  cellpadding=3>
<tr >
		<td><b><font  face=Times size=3>IP</font></b></td>
		<td><b><font  face=Times size=3>SIM_NO</font></b></td>
		<td><b><font  face=Times size=3>SIM_SN</font></b></td>
		<td><b><font  face=Times size=3>PIN</font></b></td>
		<td><b><font  face=Times size=3>PUK</font></b></td>
		<td><b><font  face=Times size=3>APN</font></b></td>
		<td><b><font  face=Times size=3>USERNAME</font></b></td>
		<td><b><font  face=Times size=3>PASSWORD</font></b></td>
		<td><b><font  face=Times size=3>DNS_NAME</font></b></td>
     </tr>
<tr>
    	  <td>172.19.161.50</td>	  
		  <td>051 688 772</td>	  
		  <td>130331750649</td>	  
		  <td>pina ni</td>	  
		  <td></td>	  
		  <td>arso.si</td>	  
		  <td>38651688772</td>
		  <td>arso</td>
		  <td>H422 .gprs.arso.sigov.si</td>	
	  </tr>
</table>
 <br/> 
<b><font  face=Times size=3>  Serverji  </font></b> 
<table border=1 cellpadding=5 >
<tr> <td>DNS</td>	 <td>172.19.0.55, 172.19.0.51, 172.19.0.40</td>  </tr>
	  <tr> <td>PING</td> <td>172.19.0.1</td>  </tr>	  
	  <tr> <td>NTP </td> <td>ntp.arso.sigov.si</td>	 </tr>
	  
		  
	  </tr>
</table>
<table border=1 cellpadding=5 >
<tr></tr>
<tr >
		<td><b><font  face=Times size=3>Port</font></b></td>
		<td><b><font  face=Times size=3>Server</font></b></td>
		<td><b><font  face=Times size=3>Username</font></b></td>
		<td><b><font  face=Times size=3>Password</font></b></td>
     </tr>

	  <tr> <td>FTP &nbsp;</td> <td>hober.arso.sigov.si&nbsp;&nbsp;&nbsp;&nbsp;&nbsp;&nbsp;&nbsp;&nbsp;&nbsp;&nbsp;&nbsp;&nbsp;&nbsp;&nbsp;&nbsp;&nbsp;&nbsp;&nbsp;&nbsp;&nbsp;&nbsp;&nbsp;&nbsp;&nbsp;&nbsp;&nbsp;&nbsp;&nbsp;&nbsp;</td>	
		  <td>H422</td>
		  <td>HoberZaAMP</td>	
	  </tr>
</table>
 <br/> 
                              