<html>
<META HTTP-EQUIV="Content-Type" CONTENT="text/html; charset=ISO-8859-2">  <b><font  face=Times size=4>  Koda postaje: H439 Jesenice Sava Dolinka  </font></b>  <br/>
 <font  face=Times size=4> Ime postaje: hober39  </font>  <br/>
 <font  face=Times size=4> Tip postaje: 001  </font>  <br/>
 <font  face=Times size=4> Tip datoteke: K01  </font>  <br/>
 <font  face=Times size=4> Ime lokacije: Jesenice  </font>  <br/>
 <font  face=Times size=4> Koda lokacije: 03060  </font>  <br/>
    <font  face=Times size=4>Gx lokacije=143744, </font> <font  face=Times size=4>Gy lokacije=427697 </font>  <font  face=Times size=4>Gz lokacije=558,74  </font><br/> 
 <br/> 
<table border=1 cellpadding=5 >
<tr >
		<td><b><font  face=Times size=3>Tip</font></b></td>
		<td><b><font  face=Times size=3>Serijska &#0353;tevilka </font></b></td>
		<td><b><font  face=Times size=3>Serijska &#0353;tevilka </font></b></td>
		<td><b><font  face=Times size=3>Proizvajalec</font></b></td>
		
		<td><b><font  face=Times size=3>Merjeni_parameter</font></b></td>
		<td><b><font  face=Times size=3>pcode</font></b></td>
		<td><b><font  face=Times size=3>aktiven</font></b></td>
		
		<td><b><font  face=Times size=3>Oznaka certifikata</font></b></td>
		<td><b><font  face=Times size=3>Datum certifikata</font></b></td>
		
		<td><b><font  face=Times size=3>Gx</font></b></td>
		<td><b><font  face=Times size=3>Gy</font></b></td>
		<td><b><font  face=Times size=3>Gz</font></b></td>
		
     </tr>
<tr>
          <td>Channel Master 1200</td>
    	  <td>21625</td>
		   <td>21625</td>
		  <td>RD INSTRUMENTS</td>	  
		  <td>vodostaj</td> 
		  <td>4363</td> 
		  <td>D</td> 
		    <td><b></b></td>	  		
		   <td></td>		  
		   <td>143744</td>
		   <td>427697</td>
		   <td>558,74</td>
	  </tr>
<tr>
          <td>Channel Master 1200</td>
    	  <td>21625</td>
		   <td>21625</td>
		  <td>RD INSTRUMENTS</td>	  
		  <td>T vode - UZ </td> 
		  <td>4332</td> 
		  <td>D</td> 
		    <td><b></b></td>	  		
		   <td></td>		  
		   <td>143744</td>
		   <td>427697</td>
		   <td>558,74</td>
	  </tr>
<tr>
          <td>Channel Master 1200</td>
    	  <td>21625</td>
		   <td>21625</td>
		  <td>RD INSTRUMENTS</td>	  
		  <td>hitrost vode</td> 
		  <td>4390</td> 
		  <td>D</td> 
		    <td><b></b></td>	  		
		   <td></td>		  
		   <td>143744</td>
		   <td>427697</td>
		   <td>558,74</td>
	  </tr>
<tr>
          <td>GSR120NT</td>
    	  <td>14060904</td>
		   <td>14060904</td>
		  <td>ELTRATEC</td>	  
		  <td>T vode - sonda</td> 
		  <td>4030</td> 
		  <td>D</td> 
		    <td><a href="izpis_dok.php?id_kal=26345">gsr14060904</a></td>	  		
		   <td>02.06.14</td>		  
		   <td>143744</td>
		   <td>427697</td>
		   <td>558,74</td>
	  </tr>
<tr>
          <td>GSR120NT</td>
    	  <td>14060904</td>
		   <td>14060904</td>
		  <td>ELTRATEC</td>	  
		  <td>vodostaj - sonda</td> 
		  <td>4060</td> 
		  <td>D</td> 
		    <td><a href="izpis_dok.php?id_kal=26344">gsr14060904</a></td>	  		
		   <td>02.06.14</td>		  
		   <td>143744</td>
		   <td>427697</td>
		   <td>558,74</td>
	  </tr>
<tr>
          <td>mbIO120</td>
    	  <td>14060815</td>
		   <td>14060815</td>
		  <td>ELTRATEC</td>	  
		  <td>temperatura zraka v omarici</td> 
		  <td>4014</td> 
		  <td>D</td> 
		    <td><a href="izpis_dok.php?id_kal=26341">mbi14060815</a></td>	  		
		   <td>02.06.14</td>		  
		   <td>143744</td>
		   <td>427697</td>
		   <td>558,74</td>
	  </tr>
<tr>
          <td>mbIO120</td>
    	  <td>14060815</td>
		   <td>14060815</td>
		  <td>ELTRATEC</td>	  
		  <td>relativna vlaga v omarici</td> 
		  <td>4035</td> 
		  <td>D</td> 
		    <td><a href="izpis_dok.php?id_kal=26342">mbi14060815</a></td>	  		
		   <td>02.06.14</td>		  
		   <td>143744</td>
		   <td>427697</td>
		   <td>558,74</td>
	  </tr>
<tr>
          <td>mbIO120</td>
    	  <td>14060815</td>
		   <td>14060815</td>
		  <td>ELTRATEC</td>	  
		  <td>napajalna napetost</td> 
		  <td>4070</td> 
		  <td>D</td> 
		    <td><a href="izpis_dok.php?id_kal=26343">mbi14060815</a></td>	  		
		   <td>02.06.14</td>		  
		   <td>143744</td>
		   <td>427697</td>
		   <td>558,74</td>
	  </tr>
<tr>
          <td>VEGApuls 67</td>
    	  <td>27899044</td>
		   <td>27899044</td>
		  <td>VEGA</td>	  
		  <td>vodostaj - radarski merilnik</td> 
		  <td>4061</td> 
		  <td>D</td> 
		    <td><a href="izpis_dok.php?id_kal=26591">D_2010928_1_27899044</a></td>	  		
		   <td>16.06.14</td>		  
		   <td>143744</td>
		   <td>427697</td>
		   <td>558,74</td>
	  </tr>
<tr>
          <td>1000_1000EO700-sp</td>
    	  <td>00057</td>
		   <td>00057</td>
		  <td>ROBOTINA</td>	  
		  <td></td> 
		  <td></td> 
		  <td></td> 
		    <td><a href="izpis_dok.php?id_kal=35128">Csp-00057</a></td>	  		
		   <td>06.06.14</td>		  
		   <td>143744</td>
		   <td>427697</td>
		   <td>558,74</td>
	  </tr>
</table>
 <br/> 
<HR noshade>	
<b><center> <font  color=red face=Times size=3> XOBER - Nastavitve za operativno ARSO mre&#0382;o  </font></center></b> 
<HR noshade>	
<table border=1 cellpadding=5 >
<tr >
		<td><b><font  face=Times size=3> </font></b></td>
		<td><b><font  face=Times size=3>NAME </font></b></td>
		<td><b><font  face=Times size=3>IP</font></b></td>
		<td><b><font  face=Times size=3>NETMASK</font></b></td>
		<td><b><font  face=Times size=3>BROADCAST</font></b></td>
		<td><b><font  face=Times size=3>GATEWAY</font></b></td>  
     </tr>
<tr>
    	  <td>ETH0</td>
		  <td>xober-servis</td>
		  <td>192.168.5.127</td>	  
		  <td>255.255.255.0</td>	  
		  <td></td>	
		  <td></td>	  	
	  </tr>
</table>
 <br/> 
 <br/> 
<b><font  face=Times size=3>  GSM kartica  </font></b> 
<table  border=1  cellpadding=3>
<tr >
		<td><b><font  face=Times size=3>IP</font></b></td>
		<td><b><font  face=Times size=3>SIM_NO</font></b></td>
		<td><b><font  face=Times size=3>SIM_SN</font></b></td>
		<td><b><font  face=Times size=3>PIN</font></b></td>
		<td><b><font  face=Times size=3>PUK</font></b></td>
		<td><b><font  face=Times size=3>APN</font></b></td>
		<td><b><font  face=Times size=3>USERNAME</font></b></td>
		<td><b><font  face=Times size=3>PASSWORD</font></b></td>
		<td><b><font  face=Times size=3>DNS_NAME</font></b></td>
     </tr>
<tr>
    	  <td>172.19.161.80</td>	  
		  <td>031 689 015</td>	  
		  <td>140312975446</td>	  
		  <td>pina ni</td>	  
		  <td></td>	  
		  <td>arso.si</td>	  
		  <td>38631689015</td>
		  <td>arso</td>
		  <td>H439.gprs.arso.sigov.si</td>	
	  </tr>
</table>
 <br/> 
<b><font  face=Times size=3>  Serverji  </font></b> 
<table border=1 cellpadding=5 >
<tr> <td>DNS</td>	 <td>172.19.0.55, 172.19.0.51, 172.19.0.40</td>  </tr>
	  <tr> <td>PING</td> <td>172.19.0.1</td>  </tr>	  
	  <tr> <td>NTP </td> <td>ntp.arso.sigov.si</td>	 </tr>
	  
		  
	  </tr>
</table>
<table border=1 cellpadding=5 >
<tr></tr>
<tr >
		<td><b><font  face=Times size=3>Port</font></b></td>
		<td><b><font  face=Times size=3>Server</font></b></td>
		<td><b><font  face=Times size=3>Username</font></b></td>
		<td><b><font  face=Times size=3>Password</font></b></td>
     </tr>

	  <tr> <td>FTP &nbsp;</td> <td>hober.arso.sigov.si&nbsp;&nbsp;&nbsp;&nbsp;&nbsp;&nbsp;&nbsp;&nbsp;&nbsp;&nbsp;&nbsp;&nbsp;&nbsp;&nbsp;&nbsp;&nbsp;&nbsp;&nbsp;&nbsp;&nbsp;&nbsp;&nbsp;&nbsp;&nbsp;&nbsp;&nbsp;&nbsp;&nbsp;&nbsp;</td>	
		  <td>H439</td>
		  <td>HoberZaAMP</td>	
	  </tr>
</table>
 <br/> 
                              