<html>
<META HTTP-EQUIV="Content-Type" CONTENT="text/html; charset=ISO-8859-2">  <b><font  face=Times size=4>  Koda postaje: H484 Tr�ec Polskava  </font></b>  <br/>
 <font  face=Times size=4> Ime postaje: hober84  </font>  <br/>
 <font  face=Times size=4> Tip postaje: 001  </font>  <br/>
 <font  face=Times size=4> Tip datoteke: K01  </font>  <br/>
 <font  face=Times size=4> Ime lokacije: Tr�ec  </font>  <br/>
 <font  face=Times size=4> Koda lokacije: 02754  </font>  <br/>
    <font  face=Times size=4>Gx lokacije=135886, </font> <font  face=Times size=4>Gy lokacije=567933 </font>  <font  face=Times size=4>Gz lokacije=214,315  </font><br/> 
 <br/> 
<table border=1 cellpadding=5 >
<tr >
		<td><b><font  face=Times size=3>Tip</font></b></td>
		<td><b><font  face=Times size=3>Serijska &#0353;tevilka </font></b></td>
		<td><b><font  face=Times size=3>Serijska &#0353;tevilka </font></b></td>
		<td><b><font  face=Times size=3>Proizvajalec</font></b></td>
		
		<td><b><font  face=Times size=3>Merjeni_parameter</font></b></td>
		<td><b><font  face=Times size=3>pcode</font></b></td>
		<td><b><font  face=Times size=3>aktiven</font></b></td>
		
		<td><b><font  face=Times size=3>Oznaka certifikata</font></b></td>
		<td><b><font  face=Times size=3>Datum certifikata</font></b></td>
		
		<td><b><font  face=Times size=3>Gx</font></b></td>
		<td><b><font  face=Times size=3>Gy</font></b></td>
		<td><b><font  face=Times size=3>Gz</font></b></td>
		
     </tr>
<tr>
          <td>GSR120NT</td>
    	  <td>14101799</td>
		   <td>14101799</td>
		  <td>ELTRATEC</td>	  
		  <td>T vode - sonda</td> 
		  <td>4030</td> 
		  <td>D</td> 
		    <td><a href="izpis_dok.php?id_kal=27929">gsr14101799</a></td>	  		
		   <td>13.11.14</td>		  
		   <td>135886</td>
		   <td>567933</td>
		   <td>214,315</td>
	  </tr>
<tr>
          <td>GSR120NT</td>
    	  <td>14101799</td>
		   <td>14101799</td>
		  <td>ELTRATEC</td>	  
		  <td>vodostaj - sonda</td> 
		  <td>4060</td> 
		  <td>D</td> 
		    <td><a href="izpis_dok.php?id_kal=27928">gsr14101799</a></td>	  		
		   <td>13.11.14</td>		  
		   <td>135886</td>
		   <td>567933</td>
		   <td>214,315</td>
	  </tr>
<tr>
          <td>mbIO120</td>
    	  <td>14091321</td>
		   <td>14091321</td>
		  <td>ELTRATEC</td>	  
		  <td>relativna vlaga v omarici</td> 
		  <td>4035</td> 
		  <td>D</td> 
		    <td><a href="izpis_dok.php?id_kal=27933">mbi14091321</a></td>	  		
		   <td>14.07.14</td>		  
		   <td>135886</td>
		   <td>567933</td>
		   <td>214,315</td>
	  </tr>
<tr>
          <td>mbIO120</td>
    	  <td>14091321</td>
		   <td>14091321</td>
		  <td>ELTRATEC</td>	  
		  <td>temperatura zraka v omarici</td> 
		  <td>4014</td> 
		  <td>D</td> 
		    <td><a href="izpis_dok.php?id_kal=27931">mbi14091321</a></td>	  		
		   <td>14.07.14</td>		  
		   <td>135886</td>
		   <td>567933</td>
		   <td>214,315</td>
	  </tr>
<tr>
          <td>mbIO120</td>
    	  <td>14091321</td>
		   <td>14091321</td>
		  <td>ELTRATEC</td>	  
		  <td>napajalna napetost</td> 
		  <td>4070</td> 
		  <td>D</td> 
		    <td><a href="izpis_dok.php?id_kal=27932">mbi14091321</a></td>	  		
		   <td>14.07.14</td>		  
		   <td>135886</td>
		   <td>567933</td>
		   <td>214,315</td>
	  </tr>
<tr>
          <td>VEGApuls 67</td>
    	  <td>29086410</td>
		   <td>29086410</td>
		  <td>VEGA</td>	  
		  <td>vodostaj - radarski merilnik</td> 
		  <td>4061</td> 
		  <td>D</td> 
		    <td><a href="izpis_dok.php?id_kal=27930">cc_VEGAPULS67-29086410</a></td>	  		
		   <td>19.11.14</td>		  
		   <td>135886</td>
		   <td>567933</td>
		   <td>214,315</td>
	  </tr>
<tr>
          <td>1000_1000EO700-sp</td>
    	  <td>00081</td>
		   <td>00081</td>
		  <td>ROBOTINA</td>	  
		  <td></td> 
		  <td></td> 
		  <td></td> 
		    <td><a href="izpis_dok.php?id_kal=27924">Csp-00081</a></td>	  		
		   <td>03.11.14</td>		  
		   <td>135886</td>
		   <td>567933</td>
		   <td>214,315</td>
	  </tr>
</table>
 <br/> 
<HR noshade>	
<b><center> <font  color=red face=Times size=3> XOBER - Nastavitve za operativno ARSO mre&#0382;o  </font></center></b> 
<HR noshade>	
<table border=1 cellpadding=5 >
<tr >
		<td><b><font  face=Times size=3> </font></b></td>
		<td><b><font  face=Times size=3>NAME </font></b></td>
		<td><b><font  face=Times size=3>IP</font></b></td>
		<td><b><font  face=Times size=3>NETMASK</font></b></td>
		<td><b><font  face=Times size=3>BROADCAST</font></b></td>
		<td><b><font  face=Times size=3>GATEWAY</font></b></td>  
     </tr>
<tr>
    	  <td>ETH0</td>
		  <td>xober-servis</td>
		  <td>192.168.5.127</td>	  
		  <td>255.255.255.0</td>	  
		  <td></td>	
		  <td></td>	  	
	  </tr>
</table>
 <br/> 
 <br/> 
<b><font  face=Times size=3>  GSM kartica  </font></b> 
<table  border=1  cellpadding=3>
<tr >
		<td><b><font  face=Times size=3>IP</font></b></td>
		<td><b><font  face=Times size=3>SIM_NO</font></b></td>
		<td><b><font  face=Times size=3>SIM_SN</font></b></td>
		<td><b><font  face=Times size=3>PIN</font></b></td>
		<td><b><font  face=Times size=3>PUK</font></b></td>
		<td><b><font  face=Times size=3>APN</font></b></td>
		<td><b><font  face=Times size=3>USERNAME</font></b></td>
		<td><b><font  face=Times size=3>PASSWORD</font></b></td>
		<td><b><font  face=Times size=3>DNS_NAME</font></b></td>
     </tr>
<tr>
    	  <td>172.19.161.103</td>	  
		  <td>041 398 660</td>	  
		  <td>140213225958</td>	  
		  <td>pina ni</td>	  
		  <td></td>	  
		  <td>arso.si</td>	  
		  <td>38641398660</td>
		  <td>arso</td>
		  <td>H484.gprs.arso.sigov.si</td>	
	  </tr>
</table>
 <br/> 
<b><font  face=Times size=3>  Serverji  </font></b> 
<table border=1 cellpadding=5 >
<tr> <td>DNS</td>	 <td>172.19.0.55, 172.19.0.51, 172.19.0.40</td>  </tr>
	  <tr> <td>PING</td> <td>172.19.0.1</td>  </tr>	  
	  <tr> <td>NTP </td> <td>ntp.arso.sigov.si</td>	 </tr>
	  
		  
	  </tr>
</table>
<table border=1 cellpadding=5 >
<tr></tr>
<tr >
		<td><b><font  face=Times size=3>Port</font></b></td>
		<td><b><font  face=Times size=3>Server</font></b></td>
		<td><b><font  face=Times size=3>Username</font></b></td>
		<td><b><font  face=Times size=3>Password</font></b></td>
     </tr>

	  <tr> <td>FTP &nbsp;</td> <td>hober.arso.sigov.si&nbsp;&nbsp;&nbsp;&nbsp;&nbsp;&nbsp;&nbsp;&nbsp;&nbsp;&nbsp;&nbsp;&nbsp;&nbsp;&nbsp;&nbsp;&nbsp;&nbsp;&nbsp;&nbsp;&nbsp;&nbsp;&nbsp;&nbsp;&nbsp;&nbsp;&nbsp;&nbsp;&nbsp;&nbsp;</td>	
		  <td>H484</td>
		  <td>HoberZaAMP</td>	
	  </tr>
</table>
 <br/> 
                              