<html>
<META HTTP-EQUIV="Content-Type" CONTENT="text/html; charset=ISO-8859-2">  <b><font  face=Times size=4>  Koda postaje: H507 �ebnik Sopota  </font></b>  <br/>
 <font  face=Times size=4> Ime postaje: hober107  </font>  <br/>
 <font  face=Times size=4> Tip postaje: 001  </font>  <br/>
 <font  face=Times size=4> Tip datoteke: K01  </font>  <br/>
 <font  face=Times size=4> Ime lokacije: �ebnik  </font>  <br/>
 <font  face=Times size=4> Koda lokacije: 04650  </font>  <br/>
    <font  face=Times size=4>Gx lokacije=102102, </font> <font  face=Times size=4>Gy lokacije=510802 </font>  <font  face=Times size=4>Gz lokacije=256,704  </font><br/> 
 <br/> 
<table border=1 cellpadding=5 >
<tr >
		<td><b><font  face=Times size=3>Tip</font></b></td>
		<td><b><font  face=Times size=3>Serijska &#0353;tevilka </font></b></td>
		<td><b><font  face=Times size=3>Serijska &#0353;tevilka </font></b></td>
		<td><b><font  face=Times size=3>Proizvajalec</font></b></td>
		
		<td><b><font  face=Times size=3>Merjeni_parameter</font></b></td>
		<td><b><font  face=Times size=3>pcode</font></b></td>
		<td><b><font  face=Times size=3>aktiven</font></b></td>
		
		<td><b><font  face=Times size=3>Oznaka certifikata</font></b></td>
		<td><b><font  face=Times size=3>Datum certifikata</font></b></td>
		
		<td><b><font  face=Times size=3>Gx</font></b></td>
		<td><b><font  face=Times size=3>Gy</font></b></td>
		<td><b><font  face=Times size=3>Gz</font></b></td>
		
     </tr>
<tr>
          <td>GSR120NT</td>
    	  <td>14060902</td>
		   <td>14060902</td>
		  <td>ELTRATEC</td>	  
		  <td>T vode - sonda</td> 
		  <td>4030</td> 
		  <td>D</td> 
		    <td><a href="izpis_dok.php?id_kal=26381">gsr14060902</a></td>	  		
		   <td>02.06.14</td>		  
		   <td>102102</td>
		   <td>510802</td>
		   <td>256,704</td>
	  </tr>
<tr>
          <td>GSR120NT</td>
    	  <td>14060902</td>
		   <td>14060902</td>
		  <td>ELTRATEC</td>	  
		  <td>vodostaj - sonda</td> 
		  <td>4060</td> 
		  <td>D</td> 
		    <td><a href="izpis_dok.php?id_kal=26380">gsr14060902</a></td>	  		
		   <td>02.06.14</td>		  
		   <td>102102</td>
		   <td>510802</td>
		   <td>256,704</td>
	  </tr>
<tr>
          <td>mbIO120</td>
    	  <td>14040648</td>
		   <td>14040648</td>
		  <td>ELTRATEC</td>	  
		  <td>relativna vlaga v omarici</td> 
		  <td>4035</td> 
		  <td>D</td> 
		    <td><a href="izpis_dok.php?id_kal=26378">mbi14040648</a></td>	  		
		   <td>02.06.14</td>		  
		   <td>102102</td>
		   <td>510802</td>
		   <td>256,704</td>
	  </tr>
<tr>
          <td>mbIO120</td>
    	  <td>14040648</td>
		   <td>14040648</td>
		  <td>ELTRATEC</td>	  
		  <td>temperatura zraka v omarici</td> 
		  <td>4014</td> 
		  <td>D</td> 
		    <td><a href="izpis_dok.php?id_kal=26377">mbi14040648</a></td>	  		
		   <td>02.06.14</td>		  
		   <td>102102</td>
		   <td>510802</td>
		   <td>256,704</td>
	  </tr>
<tr>
          <td>mbIO120</td>
    	  <td>14040648</td>
		   <td>14040648</td>
		  <td>ELTRATEC</td>	  
		  <td>napajalna napetost</td> 
		  <td>4070</td> 
		  <td>D</td> 
		    <td><a href="izpis_dok.php?id_kal=26379">mbi14040648</a></td>	  		
		   <td>02.06.14</td>		  
		   <td>102102</td>
		   <td>510802</td>
		   <td>256,704</td>
	  </tr>
<tr>
          <td>VEGApuls 67</td>
    	  <td>27899045</td>
		   <td>27899045</td>
		  <td>VEGA</td>	  
		  <td>vodostaj - radarski merilnik</td> 
		  <td>4061</td> 
		  <td>D</td> 
		    <td><a href="izpis_dok.php?id_kal=26592">D_2010928_1_27899045</a></td>	  		
		   <td>16.06.14</td>		  
		   <td>102102</td>
		   <td>510802</td>
		   <td>256,704</td>
	  </tr>
<tr>
          <td>1000_1000EO700-sp</td>
    	  <td>00051</td>
		   <td>00051</td>
		  <td>ROBOTINA</td>	  
		  <td></td> 
		  <td></td> 
		  <td></td> 
		    <td><a href="izpis_dok.php?id_kal=26376">Csp-00051</a></td>	  		
		   <td>06.06.14</td>		  
		   <td>102102</td>
		   <td>510802</td>
		   <td>256,704</td>
	  </tr>
</table>
 <br/> 
<HR noshade>	
<b><center> <font  color=red face=Times size=3> XOBER - Nastavitve za operativno ARSO mre&#0382;o  </font></center></b> 
<HR noshade>	
<table border=1 cellpadding=5 >
<tr >
		<td><b><font  face=Times size=3> </font></b></td>
		<td><b><font  face=Times size=3>NAME </font></b></td>
		<td><b><font  face=Times size=3>IP</font></b></td>
		<td><b><font  face=Times size=3>NETMASK</font></b></td>
		<td><b><font  face=Times size=3>BROADCAST</font></b></td>
		<td><b><font  face=Times size=3>GATEWAY</font></b></td>  
     </tr>
<tr>
    	  <td>ETH0</td>
		  <td>xober-servis</td>
		  <td>192.168.5.127</td>	  
		  <td>255.255.255.0</td>	  
		  <td></td>	
		  <td></td>	  	
	  </tr>
</table>
 <br/> 
 <br/> 
<b><font  face=Times size=3>  GSM kartica  </font></b> 
<table  border=1  cellpadding=3>
<tr >
		<td><b><font  face=Times size=3>IP</font></b></td>
		<td><b><font  face=Times size=3>SIM_NO</font></b></td>
		<td><b><font  face=Times size=3>SIM_SN</font></b></td>
		<td><b><font  face=Times size=3>PIN</font></b></td>
		<td><b><font  face=Times size=3>PUK</font></b></td>
		<td><b><font  face=Times size=3>APN</font></b></td>
		<td><b><font  face=Times size=3>USERNAME</font></b></td>
		<td><b><font  face=Times size=3>PASSWORD</font></b></td>
		<td><b><font  face=Times size=3>DNS_NAME</font></b></td>
     </tr>
<tr>
    	  <td>172.19.161.78</td>	  
		  <td>031 688 973</td>	  
		  <td>140312975420</td>	  
		  <td>pina ni</td>	  
		  <td></td>	  
		  <td>arso.si</td>	  
		  <td>38631688973</td>
		  <td>arso</td>
		  <td>H507.gprs.arso.sigov.si</td>	
	  </tr>
</table>
 <br/> 
<b><font  face=Times size=3>  Serverji  </font></b> 
<table border=1 cellpadding=5 >
<tr> <td>DNS</td>	 <td>172.19.0.55, 172.19.0.51, 172.19.0.40</td>  </tr>
	  <tr> <td>PING</td> <td>172.19.0.1</td>  </tr>	  
	  <tr> <td>NTP </td> <td>ntp.arso.sigov.si</td>	 </tr>
	  
		  
	  </tr>
</table>
<table border=1 cellpadding=5 >
<tr></tr>
<tr >
		<td><b><font  face=Times size=3>Port</font></b></td>
		<td><b><font  face=Times size=3>Server</font></b></td>
		<td><b><font  face=Times size=3>Username</font></b></td>
		<td><b><font  face=Times size=3>Password</font></b></td>
     </tr>

	  <tr> <td>FTP &nbsp;</td> <td>hober.arso.sigov.si&nbsp;&nbsp;&nbsp;&nbsp;&nbsp;&nbsp;&nbsp;&nbsp;&nbsp;&nbsp;&nbsp;&nbsp;&nbsp;&nbsp;&nbsp;&nbsp;&nbsp;&nbsp;&nbsp;&nbsp;&nbsp;&nbsp;&nbsp;&nbsp;&nbsp;&nbsp;&nbsp;&nbsp;&nbsp;</td>	
		  <td>H507</td>
		  <td>HoberZaAMP</td>	
	  </tr>
</table>
 <br/> 
                              