<html>
<META HTTP-EQUIV="Content-Type" CONTENT="text/html; charset=ISO-8859-2">  <b><font  face=Times size=4>  Koda postaje: H530 Suha I Sora  </font></b>  <br/>
 <font  face=Times size=4> Ime postaje: hober130  </font>  <br/>
 <font  face=Times size=4> Tip postaje: 001  </font>  <br/>
 <font  face=Times size=4> Tip datoteke: K01  </font>  <br/>
 <font  face=Times size=4> Ime lokacije: Suha I  </font>  <br/>
 <font  face=Times size=4> Koda lokacije: 04200  </font>  <br/>
    <font  face=Times size=4>Gx lokacije=113319, </font> <font  face=Times size=4>Gy lokacije=448320 </font>  <font  face=Times size=4>Gz lokacije=329,47  </font><br/> 
 <br/> 
<table border=1 cellpadding=5 >
<tr >
		<td><b><font  face=Times size=3>Tip</font></b></td>
		<td><b><font  face=Times size=3>Serijska &#0353;tevilka </font></b></td>
		<td><b><font  face=Times size=3>Serijska &#0353;tevilka </font></b></td>
		<td><b><font  face=Times size=3>Proizvajalec</font></b></td>
		
		<td><b><font  face=Times size=3>Merjeni_parameter</font></b></td>
		<td><b><font  face=Times size=3>pcode</font></b></td>
		<td><b><font  face=Times size=3>aktiven</font></b></td>
		
		<td><b><font  face=Times size=3>Oznaka certifikata</font></b></td>
		<td><b><font  face=Times size=3>Datum certifikata</font></b></td>
		
		<td><b><font  face=Times size=3>Gx</font></b></td>
		<td><b><font  face=Times size=3>Gy</font></b></td>
		<td><b><font  face=Times size=3>Gz</font></b></td>
		
     </tr>
<tr>
          <td>GSR120NT</td>
    	  <td>15010007</td>
		   <td>15010007</td>
		  <td>ELTRATEC</td>	  
		  <td>vodostaj - sonda</td> 
		  <td>4060</td> 
		  <td>D</td> 
		    <td><a href="izpis_dok.php?id_kal=28831">gsr15010007</a></td>	  		
		   <td>15.01.15</td>		  
		   <td>113319</td>
		   <td>448320</td>
		   <td>329,47</td>
	  </tr>
<tr>
          <td>GSR120NT</td>
    	  <td>15010007</td>
		   <td>15010007</td>
		  <td>ELTRATEC</td>	  
		  <td>T vode - sonda</td> 
		  <td>4030</td> 
		  <td>D</td> 
		    <td><a href="izpis_dok.php?id_kal=28832">gsr15010007</a></td>	  		
		   <td>15.01.15</td>		  
		   <td>113319</td>
		   <td>448320</td>
		   <td>329,47</td>
	  </tr>
<tr>
          <td>mbIO120</td>
    	  <td>14121982</td>
		   <td>14121982</td>
		  <td>ELTRATEC</td>	  
		  <td>relativna vlaga v omarici</td> 
		  <td>4035</td> 
		  <td>D</td> 
		    <td><a href="izpis_dok.php?id_kal=29279">mbi14121982</a></td>	  		
		   <td>22.12.14</td>		  
		   <td>113319</td>
		   <td>448320</td>
		   <td>329,47</td>
	  </tr>
<tr>
          <td>mbIO120</td>
    	  <td>14121982</td>
		   <td>14121982</td>
		  <td>ELTRATEC</td>	  
		  <td>napajalna napetost</td> 
		  <td>4070</td> 
		  <td>D</td> 
		    <td><a href="izpis_dok.php?id_kal=29280">mbi14121982</a></td>	  		
		   <td>22.12.14</td>		  
		   <td>113319</td>
		   <td>448320</td>
		   <td>329,47</td>
	  </tr>
<tr>
          <td>mbIO120</td>
    	  <td>14121982</td>
		   <td>14121982</td>
		  <td>ELTRATEC</td>	  
		  <td>temperatura zraka v omarici</td> 
		  <td>4014</td> 
		  <td>D</td> 
		    <td><a href="izpis_dok.php?id_kal=29278">mbi14121982</a></td>	  		
		   <td>22.12.14</td>		  
		   <td>113319</td>
		   <td>448320</td>
		   <td>329,47</td>
	  </tr>
<tr>
          <td>PLUVIO2 200</td>
    	  <td>370592</td>
		   <td>370592</td>
		  <td>OTT HYDROMETRIE</td>	  
		  <td>RR - Pluvio2</td> 
		  <td>3120</td> 
		  <td>D</td> 
		    <td><a href="izpis_dok.php?id_kal=29980">cc_Pluvio2_370592</a></td>	  		
		   <td>20.05.15</td>		  
		   <td>113319</td>
		   <td>448320</td>
		   <td>329,47</td>
	  </tr>
<tr>
          <td>PLUVIO2 200</td>
    	  <td>370592</td>
		   <td>370592</td>
		  <td>OTT HYDROMETRIE</td>	  
		  <td>napolnjenost posode - Pluvio2</td> 
		  <td>3121</td> 
		  <td>D</td> 
		    <td><a href="izpis_dok.php?id_kal=29981">cc_Pluvio2_370592</a></td>	  		
		   <td>20.05.15</td>		  
		   <td>113319</td>
		   <td>448320</td>
		   <td>329,47</td>
	  </tr>
<tr>
          <td>Solitax TS-linija SC</td>
    	  <td>1598081</td>
		   <td>1598081</td>
		  <td>HACHLANGE</td>	  
		  <td>motnost vode FNU</td> 
		  <td>4201</td> 
		  <td>D</td> 
		    <td><b></b></td>	  		
		   <td></td>		  
		   <td>113319</td>
		   <td>448320</td>
		   <td>329,47</td>
	  </tr>
<tr>
          <td>Solitax TS-linija SC</td>
    	  <td>1598081</td>
		   <td>1598081</td>
		  <td>HACHLANGE</td>	  
		  <td>suspendiran material</td> 
		  <td>4202</td> 
		  <td>D</td> 
		    <td><b></b></td>	  		
		   <td></td>		  
		   <td>113319</td>
		   <td>448320</td>
		   <td>329,47</td>
	  </tr>
<tr>
          <td>VEGApuls 67</td>
    	  <td>29539421</td>
		   <td>29539421</td>
		  <td>VEGA</td>	  
		  <td>vodostaj - radarski merilnik</td> 
		  <td>4061</td> 
		  <td>D</td> 
		    <td><a href="izpis_dok.php?id_kal=29284">cc_VEGAPULS67-29539421</a></td>	  		
		   <td>13.01.15</td>		  
		   <td>113319</td>
		   <td>448320</td>
		   <td>329,47</td>
	  </tr>
<tr>
          <td>1000_1000EO700-230V</td>
    	  <td>00013</td>
		   <td>00013</td>
		  <td>ROBOTINA</td>	  
		  <td></td> 
		  <td></td> 
		  <td></td> 
		    <td><a href="izpis_dok.php?id_kal=29274">C230-00013</a></td>	  		
		   <td>05.01.15</td>		  
		   <td>113319</td>
		   <td>448320</td>
		   <td>329,47</td>
	  </tr>
</table>
 <br/> 
<HR noshade>	
<b><center> <font  color=red face=Times size=3> XOBER - Nastavitve za operativno ARSO mre&#0382;o  </font></center></b> 
<HR noshade>	
<table border=1 cellpadding=5 >
<tr >
		<td><b><font  face=Times size=3> </font></b></td>
		<td><b><font  face=Times size=3>NAME </font></b></td>
		<td><b><font  face=Times size=3>IP</font></b></td>
		<td><b><font  face=Times size=3>NETMASK</font></b></td>
		<td><b><font  face=Times size=3>BROADCAST</font></b></td>
		<td><b><font  face=Times size=3>GATEWAY</font></b></td>  
     </tr>
<tr>
    	  <td>ETH0</td>
		  <td>H530.mpls.arso.sigov.si</td>
		  <td>172.19.134.18</td>	  
		  <td>255.255.255.240</td>	  
		  <td>172.19.134.31  </td>	
		  <td>172.19.134.17</td>	  	
	  </tr>
</table>
 <br/> 
<table border=1 cellpadding=5 >
<tr >
		<td><b>COM Serverji</b></td>
	    <td><b><font  face=Times size=3>NAME </font></b></td>
		<td><b><font  face=Times size=3>IP</font></b></td>
		<td><b><font  face=Times size=3>NETMASK</font></b></td>
		<td><b><font  face=Times size=3>BROADCAST</font></b></td>
		<td><b><font  face=Times size=3>GATEWAY</font></b></td> 
		<td><b><font  face=Times size=3>Username</font></b></td>
		<td><b><font  face=Times size=3>Pasword</font></b></td> 
     </tr>
<tr>
    	    
		  <td>COM1</td>
		  <td>H530-Com1.mpls.arso.sigov.si</td>
		  <td>172.19.134.19</td>	
		  <td>255.255.255.240</td>	  
		  <td>172.19.134.31  </td>	
		  <td>172.19.134.17</td>
		  <td>admin</td>
		  <td>rebox</td>
	  </tr>
</table>
 <br/> 
<b><font  face=Times size=3>  Serverji  </font></b> 
<table border=1 cellpadding=5 >
<tr> <td>DNS</td>	 <td>172.19.0.55, 172.19.0.51, 172.19.0.40</td>  </tr>
	  <tr> <td>PING</td> <td>172.19.0.1</td>  </tr>	  
	  <tr> <td>NTP </td> <td>ntp.arso.sigov.si</td>	 </tr>
	  
		  
	  </tr>
</table>
<table border=1 cellpadding=5 >
<tr></tr>
<tr >
		<td><b><font  face=Times size=3>Port</font></b></td>
		<td><b><font  face=Times size=3>Server</font></b></td>
		<td><b><font  face=Times size=3>Username</font></b></td>
		<td><b><font  face=Times size=3>Password</font></b></td>
     </tr>

	  <tr> <td>FTP &nbsp;</td> <td>hober.arso.sigov.si&nbsp;&nbsp;&nbsp;&nbsp;&nbsp;&nbsp;&nbsp;&nbsp;&nbsp;&nbsp;&nbsp;&nbsp;&nbsp;&nbsp;&nbsp;&nbsp;&nbsp;&nbsp;&nbsp;&nbsp;&nbsp;&nbsp;&nbsp;&nbsp;&nbsp;&nbsp;&nbsp;&nbsp;&nbsp;</td>	
		  <td>H530</td>
		  <td>HoberZaAMP</td>	
	  </tr>
</table>
 <br/> 
<table border=1 cellpadding=5 >
<tr >
		<td><b><font  face=Times size=3>Kamere</font></b></td>
		<td><b><font  face=Times size=3>NAME </font></b></td>
		<td><b><font  face=Times size=3>IP</font></b></td>
		<td><b><font  face=Times size=3>NETMASK</font></b></td>
		<td><b><font  face=Times size=3>BROADCAST</font></b></td>
		<td><b><font  face=Times size=3>GATEWAY</font></b></td>  
		
		<td><b><font  face=Times size=4>Username</font></b></td>
		<td><b><font  face=Times size=4>Password</font></b></td>
     </tr>
<tr >
		<td><font  face=Times size=4>CAM1</font></td>
		<td><font  face=Times size=4>CH00010.mpls.arso.sigov.si</font></td>
		<td><font  face=Times size=4>172.19.134.20</font></td>
		<td><font  face=Times size=4>255.255.255.240</font></td>
		<td><font  face=Times size=4>172.19.134.31  </font></td>
		<td><font  face=Times size=4>172.19.134.17</font></td>
		
		<td><font  face=Times size=4>admin</font></td>
		<td><font  face=Times size=4>rebox</font></td>
     </tr>
</table>
 <br/> 
<table border=1 cellpadding=5 >
<tr >
		<td><b><font  face=Times size=3>Motnost</font></b></td>
		<td><b><font  face=Times size=3>NAME </font></b></td>
		<td><b><font  face=Times size=3>IP</font></b></td>
		<td><b><font  face=Times size=3>NETMASK</font></b></td>
		<td><b><font  face=Times size=3>BROADCAST</font></b></td>
		<td><b><font  face=Times size=3>GATEWAY</font></b></td>  
		
		<td><b><font  face=Times size=4>Username</font></b></td>
		<td><b><font  face=Times size=4>Password</font></b></td>
     </tr>
<tr >
		<td><font  face=Times size=4>MOT</font></td>
		<td><font  face=Times size=4>MOT0004.mpls.arso.sigov.si</font></td>
		<td><font  face=Times size=4>172.19.134.21</font></td>
		<td><font  face=Times size=4>255.255.255.240</font></td>
		<td><font  face=Times size=4>172.19.134.31  </font></td>
		<td><font  face=Times size=4>172.19.134.17</font></td>
		
		<td><font  face=Times size=4>admin</font></td>
		<td><font  face=Times size=4>rebox</font></td>
     </tr>
</table>
<table border=1 cellpadding=5 >
<tr >
		<td><b><font  face=Times size=3>Ping for POWER RESET</font></b></td>
		<td><b><font  face=Times size=3>172.18.134.17 </font></b></td>
		
     </tr>
</table>
                              