<html>
<META HTTP-EQUIV="Content-Type" CONTENT="text/html; charset=ISO-8859-2">  <b><font  face=Times size=4>  Koda postaje: H545 Nova Gorica I Koren  </font></b>  <br/>
 <font  face=Times size=4> Ime postaje: hober145  </font>  <br/>
 <font  face=Times size=4> Tip postaje: 001  </font>  <br/>
 <font  face=Times size=4> Tip datoteke: K01  </font>  <br/>
 <font  face=Times size=4> Ime lokacije: Nova Gorica I  </font>  <br/>
 <font  face=Times size=4> Koda lokacije: 08545  </font>  <br/>
    <font  face=Times size=4>Gx lokacije=90756, </font> <font  face=Times size=4>Gy lokacije=394481 </font>  <font  face=Times size=4>Gz lokacije=84,037  </font><br/> 
 <br/> 
<table border=1 cellpadding=5 >
<tr >
		<td><b><font  face=Times size=3>Tip</font></b></td>
		<td><b><font  face=Times size=3>Serijska &#0353;tevilka </font></b></td>
		<td><b><font  face=Times size=3>Serijska &#0353;tevilka </font></b></td>
		<td><b><font  face=Times size=3>Proizvajalec</font></b></td>
		
		<td><b><font  face=Times size=3>Merjeni_parameter</font></b></td>
		<td><b><font  face=Times size=3>pcode</font></b></td>
		<td><b><font  face=Times size=3>aktiven</font></b></td>
		
		<td><b><font  face=Times size=3>Oznaka certifikata</font></b></td>
		<td><b><font  face=Times size=3>Datum certifikata</font></b></td>
		
		<td><b><font  face=Times size=3>Gx</font></b></td>
		<td><b><font  face=Times size=3>Gy</font></b></td>
		<td><b><font  face=Times size=3>Gz</font></b></td>
		
     </tr>
<tr>
          <td>GSR120NT</td>
    	  <td>15071031</td>
		   <td>15071031</td>
		  <td>ELTRATEC</td>	  
		  <td>T vode - sonda</td> 
		  <td>4030</td> 
		  <td>D</td> 
		    <td><a href="izpis_dok.php?id_kal=33257">gsr15071031</a></td>	  		
		   <td>10.07.15</td>		  
		   <td>90756</td>
		   <td>394481</td>
		   <td>84,037</td>
	  </tr>
<tr>
          <td>GSR120NT</td>
    	  <td>15071031</td>
		   <td>15071031</td>
		  <td>ELTRATEC</td>	  
		  <td>vodostaj - sonda</td> 
		  <td>4060</td> 
		  <td>D</td> 
		    <td><a href="izpis_dok.php?id_kal=33256">gsr15071031</a></td>	  		
		   <td>10.07.15</td>		  
		   <td>90756</td>
		   <td>394481</td>
		   <td>84,037</td>
	  </tr>
<tr>
          <td>mbIO120</td>
    	  <td>15101491</td>
		   <td>15101491</td>
		  <td>ELTRATEC</td>	  
		  <td>napajalna napetost</td> 
		  <td>4070</td> 
		  <td>D</td> 
		    <td><a href="izpis_dok.php?id_kal=33261">mbi15101491</a></td>	  		
		   <td>05.10.15</td>		  
		   <td>90756</td>
		   <td>394481</td>
		   <td>84,037</td>
	  </tr>
<tr>
          <td>mbIO120</td>
    	  <td>15101491</td>
		   <td>15101491</td>
		  <td>ELTRATEC</td>	  
		  <td>relativna vlaga v omarici</td> 
		  <td>4035</td> 
		  <td>D</td> 
		    <td><a href="izpis_dok.php?id_kal=33260">mbi15101491</a></td>	  		
		   <td>05.10.15</td>		  
		   <td>90756</td>
		   <td>394481</td>
		   <td>84,037</td>
	  </tr>
<tr>
          <td>mbIO120</td>
    	  <td>15101491</td>
		   <td>15101491</td>
		  <td>ELTRATEC</td>	  
		  <td>temperatura zraka v omarici</td> 
		  <td>4014</td> 
		  <td>D</td> 
		    <td><a href="izpis_dok.php?id_kal=33259">mbi15101491</a></td>	  		
		   <td>05.10.15</td>		  
		   <td>90756</td>
		   <td>394481</td>
		   <td>84,037</td>
	  </tr>
<tr>
          <td>VEGApuls 67</td>
    	  <td>32083650</td>
		   <td>32083650</td>
		  <td>VEGA</td>	  
		  <td>vodostaj - radarski merilnik</td> 
		  <td>4061</td> 
		  <td>D</td> 
		    <td><a href="izpis_dok.php?id_kal=33258">cc_VEGAPULS67-32083650</a></td>	  		
		   <td>23.11.15</td>		  
		   <td>90756</td>
		   <td>394481</td>
		   <td>84,037</td>
	  </tr>
<tr>
          <td>1000_1000EO700-230V</td>
    	  <td>00051</td>
		   <td>00051</td>
		  <td>ROBOTINA</td>	  
		  <td></td> 
		  <td></td> 
		  <td></td> 
		    <td><a href="izpis_dok.php?id_kal=34526">C230-000051</a></td>	  		
		   <td>16.10.15</td>		  
		   <td>90756</td>
		   <td>394481</td>
		   <td>84,037</td>
	  </tr>
</table>
 <br/> 
<HR noshade>	
<b><center> <font  color=red face=Times size=3> XOBER - Nastavitve za operativno ARSO mre&#0382;o  </font></center></b> 
<HR noshade>	
<table border=1 cellpadding=5 >
<tr >
		<td><b><font  face=Times size=3> </font></b></td>
		<td><b><font  face=Times size=3>NAME </font></b></td>
		<td><b><font  face=Times size=3>IP</font></b></td>
		<td><b><font  face=Times size=3>NETMASK</font></b></td>
		<td><b><font  face=Times size=3>BROADCAST</font></b></td>
		<td><b><font  face=Times size=3>GATEWAY</font></b></td>  
     </tr>
<tr>
    	  <td>ETH0</td>
		  <td>xober-servis</td>
		  <td>192.168.5.127</td>	  
		  <td>255.255.255.0</td>	  
		  <td></td>	
		  <td></td>	  	
	  </tr>
</table>
 <br/> 
 <br/> 
<b><font  face=Times size=3>  GSM kartica  </font></b> 
<table  border=1  cellpadding=3>
<tr >
		<td><b><font  face=Times size=3>IP</font></b></td>
		<td><b><font  face=Times size=3>SIM_NO</font></b></td>
		<td><b><font  face=Times size=3>SIM_SN</font></b></td>
		<td><b><font  face=Times size=3>PIN</font></b></td>
		<td><b><font  face=Times size=3>PUK</font></b></td>
		<td><b><font  face=Times size=3>APN</font></b></td>
		<td><b><font  face=Times size=3>USERNAME</font></b></td>
		<td><b><font  face=Times size=3>PASSWORD</font></b></td>
		<td><b><font  face=Times size=3>DNS_NAME</font></b></td>
     </tr>
<tr>
    	  <td>172.19.161.175</td>	  
		  <td>051 327 481</td>	  
		  <td>140332221441</td>	  
		  <td>pina ni</td>	  
		  <td></td>	  
		  <td>arso.si</td>	  
		  <td>38651327481</td>
		  <td>arso</td>
		  <td>H545.gprs.arso.sigov.si</td>	
	  </tr>
</table>
 <br/> 
<b><font  face=Times size=3>  Serverji  </font></b> 
<table border=1 cellpadding=5 >
<tr> <td>DNS</td>	 <td>172.19.0.55, 172.19.0.51, 172.19.0.40</td>  </tr>
	  <tr> <td>PING</td> <td>172.19.0.1</td>  </tr>	  
	  <tr> <td>NTP </td> <td>ntp.arso.sigov.si</td>	 </tr>
	  
		  
	  </tr>
</table>
<table border=1 cellpadding=5 >
<tr></tr>
<tr >
		<td><b><font  face=Times size=3>Port</font></b></td>
		<td><b><font  face=Times size=3>Server</font></b></td>
		<td><b><font  face=Times size=3>Username</font></b></td>
		<td><b><font  face=Times size=3>Password</font></b></td>
     </tr>

	  <tr> <td>FTP &nbsp;</td> <td>pamp.arso.sigov.si&nbsp;&nbsp;&nbsp;&nbsp;&nbsp;&nbsp;&nbsp;&nbsp;&nbsp;&nbsp;&nbsp;&nbsp;&nbsp;&nbsp;&nbsp;&nbsp;&nbsp;&nbsp;&nbsp;&nbsp;&nbsp;&nbsp;&nbsp;&nbsp;&nbsp;&nbsp;&nbsp;&nbsp;&nbsp;</td>	
		  <td>H545</td>
		  <td>HoberZaAMP</td>	
	  </tr>
</table>
 <br/> 
                              