<html>
<META HTTP-EQUIV="Content-Type" CONTENT="text/html; charset=ISO-8859-2">  <b><font  face=Times size=4>  Koda postaje: M481 Vogel   </font></b>  <br/>
 <font  face=Times size=4> Ime postaje: mober81  </font>  <br/>
 <font  face=Times size=4> Tip postaje: 016  </font>  <br/>
 <font  face=Times size=4> Tip datoteke: K01  </font>  <br/>
 <font  face=Times size=4> Ime lokacije: Vogel  </font>  <br/>
 <font  face=Times size=4> Koda lokacije: 00437  </font>  <br/>
    <font  face=Times size=4>Gx lokacije=124578, </font> <font  face=Times size=4>Gy lokacije=410914 </font>  <font  face=Times size=4>Gz lokacije=1535  </font><br/> 
 <br/> 
<table border=1 cellpadding=5 >
<tr >
		<td><b><font  face=Times size=3>Tip</font></b></td>
		<td><b><font  face=Times size=3>Serijska &#0353;tevilka </font></b></td>
		
		<td><b><font  face=Times size=3>Proizvajalec</font></b></td>
		
		<td><b><font  face=Times size=3>Merjeni_parameter</font></b></td>
		<td><b><font  face=Times size=3>pcode</font></b></td>
		<td><b><font  face=Times size=3>aktiven</font></b></td>
		
		<td><b><font  face=Times size=3>Oznaka certifikata</font></b></td>
		<td><b><font  face=Times size=3>Datum certifikata</font></b></td>
		
		<td><b><font  face=Times size=3>Gx</font></b></td>
		<td><b><font  face=Times size=3>Gy</font></b></td>
		<td><b><font  face=Times size=3>Gz</font></b></td>
		
     </tr>
<tr>
          <td>3000_1000EO800</td>
    	  <td>00099</td>
		 
		  <td>ROBOTINA</td>	  
		  <td></td> 
		  <td></td> 
		  <td></td> 
		    <td><a href="izpis_dok.php?id_kal=36588">CM00099</a></td>	  		
		   <td>02-OCT-15</td>		  
		   <td>124578</td>
		   <td>410914</td>
		   <td>1535</td>
	  </tr>
<tr>
          <td>HMP 155A</td>
    	  <td>M4010001</td>
		 
		  <td>VAISALA</td>	  
		  <td>vlažnost zraka MOBER (2 m)</td> 
		  <td>3045</td> 
		  <td>D</td> 
		    <td><a href="izpis_dok.php?id_kal=37764">H54-16400013</a></td>	  		
		   <td>03-OCT-16</td>		  
		   <td>124578</td>
		   <td>410914</td>
		   <td>1535</td>
	  </tr>
<tr>
          <td>HMP 155A</td>
    	  <td>M4010001</td>
		 
		  <td>VAISALA</td>	  
		  <td>T zraka iz AMP (2m) - neasp. v met. hišici</td> 
		  <td>3010</td> 
		  <td>D</td> 
		    <td><a href="izpis_dok.php?id_kal=37762">H54-16400013</a></td>	  		
		   <td>03-OCT-16</td>		  
		   <td>124578</td>
		   <td>410914</td>
		   <td>1535</td>
	  </tr>
<tr>
          <td>HMP 155A</td>
    	  <td>M4010002</td>
		 
		  <td>VAISALA</td>	  
		  <td>redundantna Tzr iz AMP (2 m)-neasp. v met. hišici</td> 
		  <td>3011</td> 
		  <td>D</td> 
		    <td><a href="izpis_dok.php?id_kal=37767">H54-16400018</a></td>	  		
		   <td>03-OCT-16</td>		  
		   <td>124578</td>
		   <td>410914</td>
		   <td>1535</td>
	  </tr>
<tr>
          <td>HMP 155A</td>
    	  <td>M4010002</td>
		 
		  <td>VAISALA</td>	  
		  <td>redundantna rel. vlažnost zraka (2 m)</td> 
		  <td>3050</td> 
		  <td>D</td> 
		    <td><a href="izpis_dok.php?id_kal=37769">H54-16400018</a></td>	  		
		   <td>03-OCT-16</td>		  
		   <td>124578</td>
		   <td>410914</td>
		   <td>1535</td>
	  </tr>
<tr>
          <td>LPM</td>
    	  <td>07150119</td>
		 
		  <td>THIES CLIMA</td>	  
		  <td>optično izmerjena intenziteta padavin</td> 
		  <td>3124</td> 
		  <td>D</td> 
		    <td><a href="izpis_dok.php?id_kal=34286">cc_LPM_07150119</a></td>	  		
		   <td>10-JUL-15</td>		  
		   <td>124578</td>
		   <td>410914</td>
		   <td>1535</td>
	  </tr>
<tr>
          <td>LPM</td>
    	  <td>07150119</td>
		 
		  <td>THIES CLIMA</td>	  
		  <td>simulacija radarske odbojnosti v prizemni plasti</td> 
		  <td>3127</td> 
		  <td>D</td> 
		    <td><a href="izpis_dok.php?id_kal=36793">pp_M481_LPM_20161013</a></td>	  		
		   <td>13-OCT-16</td>		  
		   <td>124578</td>
		   <td>410914</td>
		   <td>1535</td>
	  </tr>
<tr>
          <td>LPM</td>
    	  <td>07150119</td>
		 
		  <td>THIES CLIMA</td>	  
		  <td>simulacija radarske odbojnosti v prizemni plasti</td> 
		  <td>3127</td> 
		  <td>D</td> 
		    <td><a href="izpis_dok.php?id_kal=34284">cc_LPM_07150119</a></td>	  		
		   <td>10-JUL-15</td>		  
		   <td>124578</td>
		   <td>410914</td>
		   <td>1535</td>
	  </tr>
<tr>
          <td>LPM</td>
    	  <td>07150119</td>
		 
		  <td>THIES CLIMA</td>	  
		  <td>sedanje vreme</td> 
		  <td>3126</td> 
		  <td>D</td> 
		    <td><a href="izpis_dok.php?id_kal=36792">pp_M481_LPM_20161013</a></td>	  		
		   <td>13-OCT-16</td>		  
		   <td>124578</td>
		   <td>410914</td>
		   <td>1535</td>
	  </tr>
<tr>
          <td>LPM</td>
    	  <td>07150119</td>
		 
		  <td>THIES CLIMA</td>	  
		  <td>sedanje vreme</td> 
		  <td>3126</td> 
		  <td>D</td> 
		    <td><a href="izpis_dok.php?id_kal=34283">cc_LPM_07150119</a></td>	  		
		   <td>10-JUL-15</td>		  
		   <td>124578</td>
		   <td>410914</td>
		   <td>1535</td>
	  </tr>
<tr>
          <td>LPM</td>
    	  <td>07150119</td>
		 
		  <td>THIES CLIMA</td>	  
		  <td>optično izmerjena količina padavin</td> 
		  <td>3125</td> 
		  <td>D</td> 
		    <td><a href="izpis_dok.php?id_kal=36794">pp_M481_LPM_20161013</a></td>	  		
		   <td>13-OCT-16</td>		  
		   <td>124578</td>
		   <td>410914</td>
		   <td>1535</td>
	  </tr>
<tr>
          <td>LPM</td>
    	  <td>07150119</td>
		 
		  <td>THIES CLIMA</td>	  
		  <td>optično izmerjena količina padavin</td> 
		  <td>3125</td> 
		  <td>D</td> 
		    <td><a href="izpis_dok.php?id_kal=34285">cc_LPM_07150119</a></td>	  		
		   <td>10-JUL-15</td>		  
		   <td>124578</td>
		   <td>410914</td>
		   <td>1535</td>
	  </tr>
<tr>
          <td>LPM</td>
    	  <td>07150119</td>
		 
		  <td>THIES CLIMA</td>	  
		  <td>optično izmerjena intenziteta padavin</td> 
		  <td>3124</td> 
		  <td>D</td> 
		    <td><a href="izpis_dok.php?id_kal=36795">pp_M481_LPM_20161013</a></td>	  		
		   <td>13-OCT-16</td>		  
		   <td>124578</td>
		   <td>410914</td>
		   <td>1535</td>
	  </tr>
<tr>
          <td>PLUVIO2 200</td>
    	  <td>378756</td>
		 
		  <td>OTT HYDROMETRIE</td>	  
		  <td>RR - Pluvio2</td> 
		  <td>3120</td> 
		  <td>D</td> 
		    <td><a href="izpis_dok.php?id_kal=34278">cc_Pluvio2_378756</a></td>	  		
		   <td>06-OCT-15</td>		  
		   <td>124578</td>
		   <td>410914</td>
		   <td>1535</td>
	  </tr>
<tr>
          <td>PLUVIO2 200</td>
    	  <td>378756</td>
		 
		  <td>OTT HYDROMETRIE</td>	  
		  <td>napolnjenost posode - Pluvio2</td> 
		  <td>3121</td> 
		  <td>D</td> 
		    <td><a href="izpis_dok.php?id_kal=34279">cc_Pluvio2_378756</a></td>	  		
		   <td>06-OCT-15</td>		  
		   <td>124578</td>
		   <td>410914</td>
		   <td>1535</td>
	  </tr>
<tr>
          <td>PLUVIO2 200</td>
    	  <td>378756</td>
		 
		  <td>OTT HYDROMETRIE</td>	  
		  <td>napolnjenost posode - Pluvio2</td> 
		  <td>3121</td> 
		  <td>D</td> 
		    <td><a href="izpis_dok.php?id_kal=36788">pp_M481_Pluvio2_20161013</a></td>	  		
		   <td>13-OCT-16</td>		  
		   <td>124578</td>
		   <td>410914</td>
		   <td>1535</td>
	  </tr>
<tr>
          <td>PLUVIO2 200</td>
    	  <td>378756</td>
		 
		  <td>OTT HYDROMETRIE</td>	  
		  <td>RR - Pluvio2</td> 
		  <td>3120</td> 
		  <td>D</td> 
		    <td><a href="izpis_dok.php?id_kal=36787">pp_M481_Pluvio2_20161013</a></td>	  		
		   <td>13-OCT-16</td>		  
		   <td>124578</td>
		   <td>410914</td>
		   <td>1535</td>
	  </tr>
<tr>
          <td>SGR3-V</td>
    	  <td>SGR3160002</td>
		 
		  <td>KIPP&ZONEN</td>	  
		  <td>T senzorja SGR3</td> 
		  <td>3313</td> 
		  <td>D</td> 
		    <td><a href="izpis_dok.php?id_kal=36578">13393160002</a></td>	  		
		   <td>15-FEB-16</td>		  
		   <td>124578</td>
		   <td>410914</td>
		   <td>1535</td>
	  </tr>
<tr>
          <td>SGR3-V</td>
    	  <td>SGR3160002</td>
		 
		  <td>KIPP&ZONEN</td>	  
		  <td>napajalna napetost</td> 
		  <td>3314</td> 
		  <td>D</td> 
		    <td><a href="izpis_dok.php?id_kal=36579">13393160002</a></td>	  		
		   <td>15-FEB-16</td>		  
		   <td>124578</td>
		   <td>410914</td>
		   <td>1535</td>
	  </tr>
<tr>
          <td>SGR3-V</td>
    	  <td>SGR3160002</td>
		 
		  <td>KIPP&ZONEN</td>	  
		  <td>dolgovalovno sevanje navzdol </td> 
		  <td>3312</td> 
		  <td>D</td> 
		    <td><a href="izpis_dok.php?id_kal=36577">13393160002</a></td>	  		
		   <td>15-FEB-16</td>		  
		   <td>124578</td>
		   <td>410914</td>
		   <td>1535</td>
	  </tr>
<tr>
          <td>SHM-30</td>
    	  <td>151467</td>
		 
		  <td>JENOPTIK</td>	  
		  <td>h snežne odeje</td> 
		  <td>3150</td> 
		  <td>D</td> 
		    <td><a href="izpis_dok.php?id_kal=36790">oznaka</a></td>	  		
		   <td>13-OCT-16</td>		  
		   <td>124578</td>
		   <td>410914</td>
		   <td>1535</td>
	  </tr>
<tr>
          <td>SHM-30</td>
    	  <td>151467</td>
		 
		  <td>JENOPTIK</td>	  
		  <td>h snežne odeje</td> 
		  <td>3150</td> 
		  <td>D</td> 
		    <td><a href="izpis_dok.php?id_kal=34281">cc_SHM30-151467</a></td>	  		
		   <td>13-JUL-15</td>		  
		   <td>124578</td>
		   <td>410914</td>
		   <td>1535</td>
	  </tr>
<tr>
          <td>SHM-30</td>
    	  <td>151467</td>
		 
		  <td>JENOPTIK</td>	  
		  <td>jakost signala</td> 
		  <td>3151</td> 
		  <td>D</td> 
		    <td><a href="izpis_dok.php?id_kal=36791">oznaka</a></td>	  		
		   <td>13-OCT-16</td>		  
		   <td>124578</td>
		   <td>410914</td>
		   <td>1535</td>
	  </tr>
<tr>
          <td>SHM-30</td>
    	  <td>151467</td>
		 
		  <td>JENOPTIK</td>	  
		  <td>jakost signala</td> 
		  <td>3151</td> 
		  <td>D</td> 
		    <td><a href="izpis_dok.php?id_kal=34282">cc_SHM30-151467</a></td>	  		
		   <td>13-JUL-15</td>		  
		   <td>124578</td>
		   <td>410914</td>
		   <td>1535</td>
	  </tr>
<tr>
          <td>SPN1</td>
    	  <td>A1172</td>
		 
		  <td>DELTA T</td>	  
		  <td>trajanje sončnega obsevanja</td> 
		  <td>3304</td> 
		  <td>D</td> 
		    <td><a href="izpis_dok.php?id_kal=34276">A1172</a></td>	  		
		   <td>26-APR-15</td>		  
		   <td>124578</td>
		   <td>410914</td>
		   <td>1535</td>
	  </tr>
<tr>
          <td>SPN1</td>
    	  <td>A1172</td>
		 
		  <td>DELTA T</td>	  
		  <td>globalno sončno s.</td> 
		  <td>3302</td> 
		  <td>D</td> 
		    <td><a href="izpis_dok.php?id_kal=34274">A1172</a></td>	  		
		   <td>26-APR-15</td>		  
		   <td>124578</td>
		   <td>410914</td>
		   <td>1535</td>
	  </tr>
<tr>
          <td>SPN1</td>
    	  <td>A1172</td>
		 
		  <td>DELTA T</td>	  
		  <td>difuzno s.</td> 
		  <td>3303</td> 
		  <td>D</td> 
		    <td><a href="izpis_dok.php?id_kal=34275">A1172</a></td>	  		
		   <td>26-APR-15</td>		  
		   <td>124578</td>
		   <td>410914</td>
		   <td>1535</td>
	  </tr>
<tr>
          <td>WMT702</td>
    	  <td>K0850006</td>
		 
		  <td>VAISALA</td>	  
		  <td>veter (10 m) - primarni anemometer</td> 
		  <td>3180</td> 
		  <td>D</td> 
		    <td><a href="izpis_dok.php?id_kal=34277">H51-14080018</a></td>	  		
		   <td>21-FEB-15</td>		  
		   <td>124578</td>
		   <td>410914</td>
		   <td>1535</td>
	  </tr>
<tr>
          <td>irPM</td>
    	  <td>07153626</td>
		 
		  <td>THIES CLIMA</td>	  
		  <td>trajanje padavin</td> 
		  <td>3129</td> 
		  <td>D</td> 
		    <td><a href="izpis_dok.php?id_kal=34280">cc_IrPM_07153626</a></td>	  		
		   <td>13-JUL-15</td>		  
		   <td>124578</td>
		   <td>410914</td>
		   <td>1535</td>
	  </tr>
<tr>
          <td>irPM</td>
    	  <td>07153626</td>
		 
		  <td>THIES CLIMA</td>	  
		  <td>trajanje padavin</td> 
		  <td>3129</td> 
		  <td>D</td> 
		    <td><a href="izpis_dok.php?id_kal=36789">pp_M481_IrPM_20161013</a></td>	  		
		   <td>13-OCT-16</td>		  
		   <td>124578</td>
		   <td>410914</td>
		   <td>1535</td>
	  </tr>
</table>
 <br/> 
<HR noshade>	
<b><center> <font  color=red face=Times size=3> XOBER - Nastavitve za operativno ARSO mre&#0382;o  </font></center></b> 
<HR noshade>	
<table border=1 cellpadding=5 >
<tr >
		<td><b><font  face=Times size=3> </font></b></td>
		<td><b><font  face=Times size=3>NAME </font></b></td>
		<td><b><font  face=Times size=3>IP</font></b></td>
		<td><b><font  face=Times size=3>NETMASK</font></b></td>
		<td><b><font  face=Times size=3>BROADCAST</font></b></td>
		<td><b><font  face=Times size=3>GATEWAY</font></b></td>  
     </tr>
<tr>
    	  <td>ETH0</td>
		  <td>M481.mpls.arso.sigov.si</td>
		  <td>172.19.142.2</td>	  
		  <td>255.255.255.240</td>	  
		  <td>172.19.142.15</td>	
		  <td>172.19.142.1</td>	  	
	  </tr>
<tr>
    	  <td>ETH1</td> 
		  <td>xober-servis2</td>
		  <td>192.168.4.127</td>	
		  <td>255.255.255.0</td>	  
		  <td></td>	
		  <td></td>	  	
	  </tr>
<tr>
    	  <td>ETH2</td>  
		  <td>xober-servis</td>
		  <td>192.168.5.127</td>	
		  <td>255.255.255.0</td>	  
		  <td></td>	
		  <td></td>	  	
	  </tr>
</table>
 <br/> 
<table border=1 cellpadding=5 >
<tr >
		<td><b>COM Serverji</b></td>
	    <td><b><font  face=Times size=3>NAME </font></b></td>
		<td><b><font  face=Times size=3>IP</font></b></td>
		<td><b><font  face=Times size=3>NETMASK</font></b></td>
		<td><b><font  face=Times size=3>BROADCAST</font></b></td>
		<td><b><font  face=Times size=3>GATEWAY</font></b></td> 
		<td><b><font  face=Times size=3>Username</font></b></td>
		<td><b><font  face=Times size=3>Pasword</font></b></td> 
     </tr>
<tr>
    	    
		  <td>COM1</td>
		  <td>M481-Com1.mpls.arso.sigov.si</td>
		  <td>172.19.142.3</td>	
		  <td>255.255.255.240</td>	  
		  <td>172.19.142.15</td>	
		  <td>172.19.142.1</td>
		  <td>admin</td>
		  <td>rebox</td>
	  </tr>
</table>
 <br/> 
<b><font  face=Times size=3>  Serverji  </font></b> 
<table border=1 cellpadding=5 >
<tr> <td>DNS</td>	 <td>172.19.0.55, 172.19.0.51, 172.19.0.40</td>  </tr>
	  <tr> <td>PING</td> <td>172.19.0.1</td>  </tr>	  
	  <tr> <td>NTP </td> <td>ntp.arso.sigov.si</td>	 </tr>
	  
		  
	  </tr>
</table>
<table border=1 cellpadding=5 >
<tr></tr>
<tr >
		<td><b><font  face=Times size=3>Port</font></b></td>
		<td><b><font  face=Times size=3>Server</font></b></td>
		<td><b><font  face=Times size=3>Username</font></b></td>
		<td><b><font  face=Times size=3>Password</font></b></td>
     </tr>

	  <tr> <td>FTP &nbsp;</td> <td>mober.arso.sigov.si&nbsp;&nbsp;&nbsp;&nbsp;&nbsp;&nbsp;&nbsp;&nbsp;&nbsp;&nbsp;&nbsp;&nbsp;&nbsp;&nbsp;&nbsp;&nbsp;&nbsp;&nbsp;&nbsp;&nbsp;&nbsp;&nbsp;&nbsp;&nbsp;&nbsp;&nbsp;&nbsp;&nbsp;&nbsp;</td>	
		  <td>M481</td>
		  <td>MoberZaAMP</td>	
	  </tr>
</table>
 <br/> 
<table border=1 cellpadding=5 >
<tr >
		<td><b><font  face=Times size=3>Kamere</font></b></td>
		<td><b><font  face=Times size=3>NAME </font></b></td>
		<td><b><font  face=Times size=3>IP</font></b></td>
		<td><b><font  face=Times size=3>NETMASK</font></b></td>
		<td><b><font  face=Times size=3>BROADCAST</font></b></td>
		<td><b><font  face=Times size=3>GATEWAY</font></b></td>  
		
		<td><b><font  face=Times size=4>Username</font></b></td>
		<td><b><font  face=Times size=4>Password</font></b></td>
     </tr>
<tr >
		<td><font  face=Times size=4>CAM1</font></td>
		<td><font  face=Times size=4>CM00105.mpls.arso.sigov.si</font></td>
		<td><font  face=Times size=4>172.19.142.4</font></td>
		<td><font  face=Times size=4>255.255.255.240</font></td>
		<td><font  face=Times size=4>172.19.142.15</font></td>
		<td><font  face=Times size=4>172.19.142.1</font></td>
		
		<td><font  face=Times size=4>admin</font></td>
		<td><font  face=Times size=4>rebox</font></td>
     </tr>
<tr >
		<td><font  face=Times size=4>CAM2</font></td>
		<td><font  face=Times size=4>CM00106.mpls.arso.sigov.si</font></td>
		<td><font  face=Times size=4>172.19.142.5</font></td>
		<td><font  face=Times size=4>255.255.255.240</font></td>
		<td><font  face=Times size=4>172.19.142.15</font></td>
		<td><font  face=Times size=4>172.19.142.1</font></td>
		
		<td><font  face=Times size=4>admin</font></td>
		<td><font  face=Times size=4>rebox</font></td>
     </tr>
<tr >
		<td><font  face=Times size=4>CAM3</font></td>
		<td><font  face=Times size=4>CM00107.mpls.arso.sigov.si</font></td>
		<td><font  face=Times size=4>172.19.142.6</font></td>
		<td><font  face=Times size=4>255.255.255.240</font></td>
		<td><font  face=Times size=4>172.19.142.15</font></td>
		<td><font  face=Times size=4>172.19.142.1</font></td>
		
		<td><font  face=Times size=4>admin</font></td>
		<td><font  face=Times size=4>rebox</font></td>
     </tr>
</table>
 <br/> 
<table border=1 cellpadding=5 >
<tr >
		<td><b><font  face=Times size=3>Ping for POWER RESET</font></b></td>
		<td><b><font  face=Times size=3>172.18.142.1 </font></b></td>
		
     </tr>
</table>
                              