<html>
<META HTTP-EQUIV="Content-Type" CONTENT="text/html; charset=ISO-8859-2">  <b><font  face=Times size=4>  Koda postaje: G409 Bevke (Bev - 2/15) Ljubljansko barje  </font></b>  <br/>
 <font  face=Times size=4> Ime postaje: gober9  </font>  <br/>
 <font  face=Times size=4> Tip postaje: 004  </font>  <br/>
 <font  face=Times size=4> Tip datoteke: K01  </font>  <br/>
 <font  face=Times size=4> Ime lokacije: Bevke (Bev - 2/15)  </font>  <br/>
 <font  face=Times size=4> Koda lokacije: 90016  </font>  <br/>
    <font  face=Times size=4>Gx lokacije=92347, </font> <font  face=Times size=4>Gy lokacije=451336 </font>  <font  face=Times size=4>Gz lokacije=288,86  </font><br/> 
 <br/> 
<table border=1 cellpadding=5 >
<tr >
		<td><b><font  face=Times size=3>Tip</font></b></td>
		<td><b><font  face=Times size=3>Serijska &#0353;tevilka </font></b></td>
		<td><b><font  face=Times size=3>Serijska &#0353;tevilka </font></b></td>
		<td><b><font  face=Times size=3>Proizvajalec</font></b></td>
		
		<td><b><font  face=Times size=3>Merjeni_parameter</font></b></td>
		<td><b><font  face=Times size=3>pcode</font></b></td>
		<td><b><font  face=Times size=3>aktiven</font></b></td>
		
		<td><b><font  face=Times size=3>Oznaka certifikata</font></b></td>
		<td><b><font  face=Times size=3>Datum certifikata</font></b></td>
		
		<td><b><font  face=Times size=3>Gx</font></b></td>
		<td><b><font  face=Times size=3>Gy</font></b></td>
		<td><b><font  face=Times size=3>Gz</font></b></td>
		
     </tr>
<tr>
          <td>GSR120NTG</td>
    	  <td>15071032</td>
		   <td>15071032</td>
		  <td>ELTRATEC</td>	  
		  <td>temperatura podzemne vode</td> 
		  <td>5030</td> 
		  <td>D</td> 
		    <td><a href="izpis_dok.php?id_kal=32351">gsr15071032</a></td>	  		
		   <td>10.07.15</td>		  
		   <td>92347</td>
		   <td>451336</td>
		   <td>288,86</td>
	  </tr>
<tr>
          <td>GSR120NTG</td>
    	  <td>15071032</td>
		   <td>15071032</td>
		  <td>ELTRATEC</td>	  
		  <td>elektri�na prevodnost podzemne vode</td> 
		  <td>5143</td> 
		  <td>D</td> 
		    <td><a href="izpis_dok.php?id_kal=32350">gsr15071032</a></td>	  		
		   <td>10.07.15</td>		  
		   <td>92347</td>
		   <td>451336</td>
		   <td>288,86</td>
	  </tr>
<tr>
          <td>GSR120NTG</td>
    	  <td>15071032</td>
		   <td>15071032</td>
		  <td>ELTRATEC</td>	  
		  <td>globina do podzemne vode </td> 
		  <td>5060</td> 
		  <td>D</td> 
		    <td><a href="izpis_dok.php?id_kal=32352">gsr15071032</a></td>	  		
		   <td>10.07.15</td>		  
		   <td>92347</td>
		   <td>451336</td>
		   <td>288,86</td>
	  </tr>
<tr>
          <td>mbIO120</td>
    	  <td>15050601</td>
		   <td>15050601</td>
		  <td>ELTRATEC</td>	  
		  <td>vlaga (omarica) - podzemne vode</td> 
		  <td>5035</td> 
		  <td>D</td> 
		    <td><a href="izpis_dok.php?id_kal=32354">mbi15050601</a></td>	  		
		   <td>15.05.15</td>		  
		   <td>92347</td>
		   <td>451336</td>
		   <td>288,86</td>
	  </tr>
<tr>
          <td>mbIO120</td>
    	  <td>15050601</td>
		   <td>15050601</td>
		  <td>ELTRATEC</td>	  
		  <td>temperatura zraka v omarici - podzemne vode</td> 
		  <td>5014</td> 
		  <td>D</td> 
		    <td><a href="izpis_dok.php?id_kal=32353">mbi15050601</a></td>	  		
		   <td>15.05.15</td>		  
		   <td>92347</td>
		   <td>451336</td>
		   <td>288,86</td>
	  </tr>
<tr>
          <td>mbIO120</td>
    	  <td>15050601</td>
		   <td>15050601</td>
		  <td>ELTRATEC</td>	  
		  <td>napajalna napetost</td> 
		  <td>5070</td> 
		  <td>D</td> 
		    <td><a href="izpis_dok.php?id_kal=32355">mbi15050601</a></td>	  		
		   <td>15.05.15</td>		  
		   <td>92347</td>
		   <td>451336</td>
		   <td>288,86</td>
	  </tr>
<tr>
          <td>1000_1000EO700-sp</td>
    	  <td>00142</td>
		   <td>00142</td>
		  <td>ROBOTINA</td>	  
		  <td></td> 
		  <td></td> 
		  <td></td> 
		    <td><a href="izpis_dok.php?id_kal=32346">Csp-00142</a></td>	  		
		   <td>01.07.15</td>		  
		   <td>92347</td>
		   <td>451336</td>
		   <td>288,86</td>
	  </tr>
</table>
 <br/> 
<HR noshade>	
<b><center> <font  color=red face=Times size=3> XOBER - Nastavitve za operativno ARSO mre&#0382;o  </font></center></b> 
<HR noshade>	
<table border=1 cellpadding=5 >
<tr >
		<td><b><font  face=Times size=3> </font></b></td>
		<td><b><font  face=Times size=3>NAME </font></b></td>
		<td><b><font  face=Times size=3>IP</font></b></td>
		<td><b><font  face=Times size=3>NETMASK</font></b></td>
		<td><b><font  face=Times size=3>BROADCAST</font></b></td>
		<td><b><font  face=Times size=3>GATEWAY</font></b></td>  
     </tr>
<tr>
    	  <td>ETH0</td>
		  <td>xober-servis</td>
		  <td>192.168.5.127</td>	  
		  <td>255.255.255.0</td>	  
		  <td></td>	
		  <td></td>	  	
	  </tr>
</table>
 <br/> 
 <br/> 
<b><font  face=Times size=3>  GSM kartica  </font></b> 
<table  border=1  cellpadding=3>
<tr >
		<td><b><font  face=Times size=3>IP</font></b></td>
		<td><b><font  face=Times size=3>SIM_NO</font></b></td>
		<td><b><font  face=Times size=3>SIM_SN</font></b></td>
		<td><b><font  face=Times size=3>PIN</font></b></td>
		<td><b><font  face=Times size=3>PUK</font></b></td>
		<td><b><font  face=Times size=3>APN</font></b></td>
		<td><b><font  face=Times size=3>USERNAME</font></b></td>
		<td><b><font  face=Times size=3>PASSWORD</font></b></td>
		<td><b><font  face=Times size=3>DNS_NAME</font></b></td>
     </tr>
<tr>
    	  <td>172.19.161.163</td>	  
		  <td>051 327 421</td>	  
		  <td>140332221367</td>	  
		  <td>pina ni</td>	  
		  <td></td>	  
		  <td>arso.si</td>	  
		  <td>38651327421</td>
		  <td>arso</td>
		  <td>G409.gprs.arso.sigov.si</td>	
	  </tr>
</table>
 <br/> 
<b><font  face=Times size=3>  Serverji  </font></b> 
<table border=1 cellpadding=5 >
<tr> <td>DNS</td>	 <td>172.19.0.55, 172.19.0.51, 172.19.0.40</td>  </tr>
	  <tr> <td>PING</td> <td>172.19.0.1</td>  </tr>	  
	  <tr> <td>NTP </td> <td>ntp.arso.sigov.si</td>	 </tr>
	  
		  
	  </tr>
</table>
<table border=1 cellpadding=5 >
<tr></tr>
<tr >
		<td><b><font  face=Times size=3>Port</font></b></td>
		<td><b><font  face=Times size=3>Server</font></b></td>
		<td><b><font  face=Times size=3>Username</font></b></td>
		<td><b><font  face=Times size=3>Password</font></b></td>
     </tr>

	  <tr> <td>FTP &nbsp;</td> <td>gober.arso.sigov.si&nbsp;&nbsp;&nbsp;&nbsp;&nbsp;&nbsp;&nbsp;&nbsp;&nbsp;&nbsp;&nbsp;&nbsp;&nbsp;&nbsp;&nbsp;&nbsp;&nbsp;&nbsp;&nbsp;&nbsp;&nbsp;&nbsp;&nbsp;&nbsp;&nbsp;&nbsp;&nbsp;&nbsp;&nbsp;</td>	
		  <td>G409</td>
		  <td>GoberZaAMP</td>	
	  </tr>
</table>
 <br/> 
                              