<html>
<META HTTP-EQUIV="Content-Type" CONTENT="text/html; charset=ISO-8859-2">  <b><font  face=Times size=4>  Koda postaje: G416 Spodnja Hajdina (SHaj - 2/14) Dravsko polje  </font></b>  <br/>
 <font  face=Times size=4> Ime postaje: gober16  </font>  <br/>
 <font  face=Times size=4> Tip postaje: 004  </font>  <br/>
 <font  face=Times size=4> Tip datoteke: K01  </font>  <br/>
 <font  face=Times size=4> Ime lokacije: Spodnja Hajdina (SHaj - 2/14)  </font>  <br/>
 <font  face=Times size=4> Koda lokacije: 20081  </font>  <br/>
    <font  face=Times size=4>Gx lokacije=141563, </font> <font  face=Times size=4>Gy lokacije=564526 </font>  <font  face=Times size=4>Gz lokacije=229.4  </font><br/> 
 <br/> 
<table border=1 cellpadding=5 >
<tr >
		<td><b><font  face=Times size=3>Tip</font></b></td>
		<td><b><font  face=Times size=3>Serijska &#0353;tevilka </font></b></td>
		<td><b><font  face=Times size=3>Serijska &#0353;tevilka </font></b></td>
		<td><b><font  face=Times size=3>Proizvajalec</font></b></td>
		
		<td><b><font  face=Times size=3>Merjeni_parameter</font></b></td>
		<td><b><font  face=Times size=3>pcode</font></b></td>
		<td><b><font  face=Times size=3>aktiven</font></b></td>
		
		<td><b><font  face=Times size=3>Oznaka certifikata</font></b></td>
		<td><b><font  face=Times size=3>Datum certifikata</font></b></td>
		
		<td><b><font  face=Times size=3>Gx</font></b></td>
		<td><b><font  face=Times size=3>Gy</font></b></td>
		<td><b><font  face=Times size=3>Gz</font></b></td>
		
     </tr>
<tr>
          <td>1000_1000EO700-sp</td>
    	  <td>00093</td>
		   <td>00093</td>
		  <td>ROBOTINA</td>	  
		  <td></td> 
		  <td></td> 
		  <td></td> 
		    <td><a href="izpis_dok.php?id_kal=28876">Csp-00093</a></td>	  		
		   <td>05-JAN-15</td>		  
		   <td>141563</td>
		   <td>564526</td>
		   <td>229.4</td>
	  </tr>
<tr>
          <td>GSR120NTG</td>
    	  <td>15010011</td>
		   <td>15010011</td>
		  <td>ELTRATEC</td>	  
		  <td>globina do podzemne vode </td> 
		  <td>5060</td> 
		  <td>D</td> 
		    <td><a href="izpis_dok.php?id_kal=28841">gsr15010011</a></td>	  		
		   <td>15-JAN-15</td>		  
		   <td>141563</td>
		   <td>564526</td>
		   <td>229.4</td>
	  </tr>
<tr>
          <td>GSR120NTG</td>
    	  <td>15010011</td>
		   <td>15010011</td>
		  <td>ELTRATEC</td>	  
		  <td>temperatura podzemne vode</td> 
		  <td>5030</td> 
		  <td>D</td> 
		    <td><a href="izpis_dok.php?id_kal=28840">gsr15010011</a></td>	  		
		   <td>15-JAN-15</td>		  
		   <td>141563</td>
		   <td>564526</td>
		   <td>229.4</td>
	  </tr>
<tr>
          <td>GSR120NTG</td>
    	  <td>15010011</td>
		   <td>15010011</td>
		  <td>ELTRATEC</td>	  
		  <td>električna prevodnost podzemne vode</td> 
		  <td>5143</td> 
		  <td>D</td> 
		    <td><a href="izpis_dok.php?id_kal=28839">gsr15010011</a></td>	  		
		   <td>15-JAN-15</td>		  
		   <td>141563</td>
		   <td>564526</td>
		   <td>229.4</td>
	  </tr>
<tr>
          <td>mbIO120</td>
    	  <td>14121986</td>
		   <td>14121986</td>
		  <td>ELTRATEC</td>	  
		  <td>vlaga (omarica) - podzemne vode</td> 
		  <td>5035</td> 
		  <td>D</td> 
		    <td><a href="izpis_dok.php?id_kal=28895">mbi14121986</a></td>	  		
		   <td>22-DEC-14</td>		  
		   <td>141563</td>
		   <td>564526</td>
		   <td>229.4</td>
	  </tr>
<tr>
          <td>mbIO120</td>
    	  <td>14121986</td>
		   <td>14121986</td>
		  <td>ELTRATEC</td>	  
		  <td>temperatura zraka v omarici - podzemne vode</td> 
		  <td>5014</td> 
		  <td>D</td> 
		    <td><a href="izpis_dok.php?id_kal=28894">mbi14121986</a></td>	  		
		   <td>22-DEC-14</td>		  
		   <td>141563</td>
		   <td>564526</td>
		   <td>229.4</td>
	  </tr>
<tr>
          <td>mbIO120</td>
    	  <td>14121986</td>
		   <td>14121986</td>
		  <td>ELTRATEC</td>	  
		  <td>napajalna napetost</td> 
		  <td>5070</td> 
		  <td>D</td> 
		    <td><a href="izpis_dok.php?id_kal=28896">mbi14121986</a></td>	  		
		   <td>22-DEC-14</td>		  
		   <td>141563</td>
		   <td>564526</td>
		   <td>229.4</td>
	  </tr>
</table>
 <br/> 
<HR noshade>	
<b><center> <font  color=red face=Times size=3> XOBER - Nastavitve za operativno ARSO mre&#0382;o  </font></center></b> 
<HR noshade>	
<table border=1 cellpadding=5 >
<tr >
		<td><b><font  face=Times size=3> </font></b></td>
		<td><b><font  face=Times size=3>NAME </font></b></td>
		<td><b><font  face=Times size=3>IP</font></b></td>
		<td><b><font  face=Times size=3>NETMASK</font></b></td>
		<td><b><font  face=Times size=3>BROADCAST</font></b></td>
		<td><b><font  face=Times size=3>GATEWAY</font></b></td>  
     </tr>
<tr>
    	  <td>ETH0</td>
		  <td>xober-servis</td>
		  <td>192.168.5.127</td>	  
		  <td>255.255.255.0</td>	  
		  <td></td>	
		  <td></td>	  	
	  </tr>
</table>
 <br/> 
 <br/> 
<b><font  face=Times size=3>  GSM kartica  </font></b> 
<table  border=1  cellpadding=3>
<tr >
		<td><b><font  face=Times size=3>IP</font></b></td>
		<td><b><font  face=Times size=3>SIM_NO</font></b></td>
		<td><b><font  face=Times size=3>SIM_SN</font></b></td>
		<td><b><font  face=Times size=3>PIN</font></b></td>
		<td><b><font  face=Times size=3>PUK</font></b></td>
		<td><b><font  face=Times size=3>APN</font></b></td>
		<td><b><font  face=Times size=3>USERNAME</font></b></td>
		<td><b><font  face=Times size=3>PASSWORD</font></b></td>
		<td><b><font  face=Times size=3>DNS_NAME</font></b></td>
     </tr>
<tr>
    	  <td>172.19.161.108</td>	  
		  <td>041 398 661</td>	  
		  <td>140213225966</td>	  
		  <td>pina ni</td>	  
		  <td></td>	  
		  <td>arso.si</td>	  
		  <td>38641398661</td>
		  <td>arso</td>
		  <td>G416.gprs.arso.sigov.si</td>	
	  </tr>
</table>
 <br/> 
<b><font  face=Times size=3>  Serverji  </font></b> 
<table border=1 cellpadding=5 >
<tr> <td>DNS</td>	 <td>172.19.0.55, 172.19.0.51, 172.19.0.40</td>  </tr>
	  <tr> <td>PING</td> <td>172.19.0.1</td>  </tr>	  
	  <tr> <td>NTP </td> <td>ntp.arso.sigov.si</td>	 </tr>
	  
		  
	  </tr>
</table>
<table border=1 cellpadding=5 >
<tr></tr>
<tr >
		<td><b><font  face=Times size=3>Port</font></b></td>
		<td><b><font  face=Times size=3>Server</font></b></td>
		<td><b><font  face=Times size=3>Username</font></b></td>
		<td><b><font  face=Times size=3>Password</font></b></td>
     </tr>

	  <tr> <td>FTP &nbsp;</td> <td>gober.arso.sigov.si&nbsp;&nbsp;&nbsp;&nbsp;&nbsp;&nbsp;&nbsp;&nbsp;&nbsp;&nbsp;&nbsp;&nbsp;&nbsp;&nbsp;&nbsp;&nbsp;&nbsp;&nbsp;&nbsp;&nbsp;&nbsp;&nbsp;&nbsp;&nbsp;&nbsp;&nbsp;&nbsp;&nbsp;&nbsp;</td>	
		  <td>G416</td>
		  <td>GoberZaAMP</td>	
	  </tr>
</table>
 <br/> 
                              