<html>
<META HTTP-EQUIV="Content-Type" CONTENT="text/html; charset=ISO-8859-2">  <b><font  face=Times size=4>  Koda postaje: H438 Podroteja I Idrijca  </font></b>  <br/>
 <font  face=Times size=4> Ime postaje: hober38  </font>  <br/>
 <font  face=Times size=4> Tip postaje: 001  </font>  <br/>
 <font  face=Times size=4> Tip datoteke: K01  </font>  <br/>
 <font  face=Times size=4> Ime lokacije: Podroteja I  </font>  <br/>
 <font  face=Times size=4> Koda lokacije: 08350  </font>  <br/>
    <font  face=Times size=4>Gx lokacije=94075, </font> <font  face=Times size=4>Gy lokacije=425277 </font>  <font  face=Times size=4>Gz lokacije=327,04  </font><br/> 
 <br/> 
<table border=1 cellpadding=5 >
<tr >
		<td><b><font  face=Times size=3>Tip</font></b></td>
		<td><b><font  face=Times size=3>Serijska &#0353;tevilka </font></b></td>
		<td><b><font  face=Times size=3>Serijska &#0353;tevilka </font></b></td>
		<td><b><font  face=Times size=3>Proizvajalec</font></b></td>
		
		<td><b><font  face=Times size=3>Merjeni_parameter</font></b></td>
		<td><b><font  face=Times size=3>pcode</font></b></td>
		<td><b><font  face=Times size=3>aktiven</font></b></td>
		
		<td><b><font  face=Times size=3>Oznaka certifikata</font></b></td>
		<td><b><font  face=Times size=3>Datum certifikata</font></b></td>
		
		<td><b><font  face=Times size=3>Gx</font></b></td>
		<td><b><font  face=Times size=3>Gy</font></b></td>
		<td><b><font  face=Times size=3>Gz</font></b></td>
		
     </tr>
<tr>
          <td>GSR120NT</td>
    	  <td>15060873</td>
		   <td>15060873</td>
		  <td>ELTRATEC</td>	  
		  <td>T vode - sonda</td> 
		  <td>4030</td> 
		  <td>D</td> 
		    <td><a href="izpis_dok.php?id_kal=31898">gsr15060873</a></td>	  		
		   <td>10.06.15</td>		  
		   <td>94075</td>
		   <td>425277</td>
		   <td>327,04</td>
	  </tr>
<tr>
          <td>GSR120NT</td>
    	  <td>15060873</td>
		   <td>15060873</td>
		  <td>ELTRATEC</td>	  
		  <td>vodostaj - sonda</td> 
		  <td>4060</td> 
		  <td>D</td> 
		    <td><a href="izpis_dok.php?id_kal=31897">gsr15060873</a></td>	  		
		   <td>10.06.15</td>		  
		   <td>94075</td>
		   <td>425277</td>
		   <td>327,04</td>
	  </tr>
<tr>
          <td>mbIO120</td>
    	  <td>15040523</td>
		   <td>15040523</td>
		  <td>ELTRATEC</td>	  
		  <td>relativna vlaga v omarici</td> 
		  <td>4035</td> 
		  <td>D</td> 
		    <td><a href="izpis_dok.php?id_kal=31901">mbi15040523</a></td>	  		
		   <td>15.04.15</td>		  
		   <td>94075</td>
		   <td>425277</td>
		   <td>327,04</td>
	  </tr>
<tr>
          <td>mbIO120</td>
    	  <td>15040523</td>
		   <td>15040523</td>
		  <td>ELTRATEC</td>	  
		  <td>temperatura zraka v omarici</td> 
		  <td>4014</td> 
		  <td>D</td> 
		    <td><a href="izpis_dok.php?id_kal=31900">mbi15040523</a></td>	  		
		   <td>15.04.15</td>		  
		   <td>94075</td>
		   <td>425277</td>
		   <td>327,04</td>
	  </tr>
<tr>
          <td>mbIO120</td>
    	  <td>15040523</td>
		   <td>15040523</td>
		  <td>ELTRATEC</td>	  
		  <td>napajalna napetost</td> 
		  <td>4070</td> 
		  <td>D</td> 
		    <td><a href="izpis_dok.php?id_kal=31902">mbi15040523</a></td>	  		
		   <td>15.04.15</td>		  
		   <td>94075</td>
		   <td>425277</td>
		   <td>327,04</td>
	  </tr>
<tr>
          <td>VEGApuls 67</td>
    	  <td>31771206</td>
		   <td>31771206</td>
		  <td>VEGA</td>	  
		  <td>vodostaj - radarski merilnik</td> 
		  <td>4061</td> 
		  <td>D</td> 
		    <td><a href="izpis_dok.php?id_kal=31899">cc_VEGAPULS67-31771206</a></td>	  		
		   <td>13.10.15</td>		  
		   <td>94075</td>
		   <td>425277</td>
		   <td>327,04</td>
	  </tr>
<tr>
          <td>1000_1000EO700-230V</td>
    	  <td>00031</td>
		   <td>00031</td>
		  <td>ROBOTINA</td>	  
		  <td></td> 
		  <td></td> 
		  <td></td> 
		    <td><a href="izpis_dok.php?id_kal=31893">C230-00031</a></td>	  		
		   <td>30.04.15</td>		  
		   <td>94075</td>
		   <td>425277</td>
		   <td>327,04</td>
	  </tr>
</table>
 <br/> 
<HR noshade>	
<b><center> <font  color=red face=Times size=3> XOBER - Nastavitve za operativno ARSO mre&#0382;o  </font></center></b> 
<HR noshade>	
<table border=1 cellpadding=5 >
<tr >
		<td><b><font  face=Times size=3> </font></b></td>
		<td><b><font  face=Times size=3>NAME </font></b></td>
		<td><b><font  face=Times size=3>IP</font></b></td>
		<td><b><font  face=Times size=3>NETMASK</font></b></td>
		<td><b><font  face=Times size=3>BROADCAST</font></b></td>
		<td><b><font  face=Times size=3>GATEWAY</font></b></td>  
     </tr>
<tr>
    	  <td>ETH0</td>
		  <td>H438.mpls.arso.sigov.si</td>
		  <td>172.19.137.130</td>	  
		  <td>255.255.255.240</td>	  
		  <td>172.19.137.143 </td>	
		  <td>172.19.137.129</td>	  	
	  </tr>
</table>
 <br/> 
<b><font  face=Times size=3>  Serverji  </font></b> 
<table border=1 cellpadding=5 >
<tr> <td>DNS</td>	 <td>172.19.0.55, 172.19.0.51, 172.19.0.40</td>  </tr>
	  <tr> <td>PING</td> <td>172.19.0.1</td>  </tr>	  
	  <tr> <td>NTP </td> <td>ntp.arso.sigov.si</td>	 </tr>
	  
		  
	  </tr>
</table>
<table border=1 cellpadding=5 >
<tr></tr>
<tr >
		<td><b><font  face=Times size=3>Port</font></b></td>
		<td><b><font  face=Times size=3>Server</font></b></td>
		<td><b><font  face=Times size=3>Username</font></b></td>
		<td><b><font  face=Times size=3>Password</font></b></td>
     </tr>

	  <tr> <td>FTP &nbsp;</td> <td>hober.arso.sigov.si&nbsp;&nbsp;&nbsp;&nbsp;&nbsp;&nbsp;&nbsp;&nbsp;&nbsp;&nbsp;&nbsp;&nbsp;&nbsp;&nbsp;&nbsp;&nbsp;&nbsp;&nbsp;&nbsp;&nbsp;&nbsp;&nbsp;&nbsp;&nbsp;&nbsp;&nbsp;&nbsp;&nbsp;&nbsp;</td>	
		  <td>H438</td>
		  <td>HoberZaAMP</td>	
	  </tr>
</table>
 <br/> 
<table border=1 cellpadding=5 >
<tr >
		<td><b><font  face=Times size=3>Kamere</font></b></td>
		<td><b><font  face=Times size=3>NAME </font></b></td>
		<td><b><font  face=Times size=3>IP</font></b></td>
		<td><b><font  face=Times size=3>NETMASK</font></b></td>
		<td><b><font  face=Times size=3>BROADCAST</font></b></td>
		<td><b><font  face=Times size=3>GATEWAY</font></b></td>  
		
		<td><b><font  face=Times size=4>Username</font></b></td>
		<td><b><font  face=Times size=4>Password</font></b></td>
     </tr>
<tr >
		<td><font  face=Times size=4>CAM1</font></td>
		<td><font  face=Times size=4>CH00028.mpls.arso.sigov.si</font></td>
		<td><font  face=Times size=4>172.19.137.131</font></td>
		<td><font  face=Times size=4>255.255.255.240</font></td>
		<td><font  face=Times size=4>172.19.137.143 </font></td>
		<td><font  face=Times size=4>172.19.137.129</font></td>
		
		<td><font  face=Times size=4>admin</font></td>
		<td><font  face=Times size=4>rebox</font></td>
     </tr>
</table>
 <br/> 
<table border=1 cellpadding=5 >
<tr >
		<td><b><font  face=Times size=3>Ping for POWER RESET</font></b></td>
		<td><b><font  face=Times size=3>172.18.137.129 </font></b></td>
		
     </tr>
</table>
                              