<html>
<META HTTP-EQUIV="Content-Type" CONTENT="text/html; charset=ISO-8859-2">  <b><font  face=Times size=4>  Koda postaje: H443 Re�ica Paka  </font></b>  <br/>
 <font  face=Times size=4> Ime postaje: hober43  </font>  <br/>
 <font  face=Times size=4> Tip postaje: 001  </font>  <br/>
 <font  face=Times size=4> Tip datoteke: K01  </font>  <br/>
 <font  face=Times size=4> Ime lokacije: Re�ica  </font>  <br/>
 <font  face=Times size=4> Koda lokacije: 06340  </font>  <br/>
    <font  face=Times size=4>Gx lokacije=130780, </font> <font  face=Times size=4>Gy lokacije=503322 </font>  <font  face=Times size=4>Gz lokacije=305,089  </font><br/> 
 <br/> 
<table border=1 cellpadding=5 >
<tr >
		<td><b><font  face=Times size=3>Tip</font></b></td>
		<td><b><font  face=Times size=3>Serijska &#0353;tevilka </font></b></td>
		<td><b><font  face=Times size=3>Serijska &#0353;tevilka </font></b></td>
		<td><b><font  face=Times size=3>Proizvajalec</font></b></td>
		
		<td><b><font  face=Times size=3>Merjeni_parameter</font></b></td>
		<td><b><font  face=Times size=3>pcode</font></b></td>
		<td><b><font  face=Times size=3>aktiven</font></b></td>
		
		<td><b><font  face=Times size=3>Oznaka certifikata</font></b></td>
		<td><b><font  face=Times size=3>Datum certifikata</font></b></td>
		
		<td><b><font  face=Times size=3>Gx</font></b></td>
		<td><b><font  face=Times size=3>Gy</font></b></td>
		<td><b><font  face=Times size=3>Gz</font></b></td>
		
     </tr>
<tr>
          <td>GSR120NT</td>
    	  <td>R14/01-004</td>
		   <td>14010004</td>
		  <td>ELTRATEC</td>	  
		  <td>vodostaj - sonda</td> 
		  <td>4060</td> 
		  <td>D</td> 
		    <td><a href="izpis_dok.php?id_kal=25009">gsr14/01-004</a></td>	  		
		   <td>09.01.14</td>		  
		   <td>130780</td>
		   <td>503322</td>
		   <td>305,089</td>
	  </tr>
<tr>
          <td>GSR120NT</td>
    	  <td>R14/01-004</td>
		   <td>14010004</td>
		  <td>ELTRATEC</td>	  
		  <td>T vode - sonda</td> 
		  <td>4030</td> 
		  <td>D</td> 
		    <td><a href="izpis_dok.php?id_kal=25010">gsr14/01-004</a></td>	  		
		   <td>09.01.14</td>		  
		   <td>130780</td>
		   <td>503322</td>
		   <td>305,089</td>
	  </tr>
<tr>
          <td>mbIO120</td>
    	  <td>R14/01-015</td>
		   <td>14010015</td>
		  <td>ELTRATEC</td>	  
		  <td>temperatura zraka v omarici</td> 
		  <td>4014</td> 
		  <td>D</td> 
		    <td><a href="izpis_dok.php?id_kal=25012">mbi14/01-015</a></td>	  		
		   <td>09.01.14</td>		  
		   <td>130780</td>
		   <td>503322</td>
		   <td>305,089</td>
	  </tr>
<tr>
          <td>mbIO120</td>
    	  <td>R14/01-015</td>
		   <td>14010015</td>
		  <td>ELTRATEC</td>	  
		  <td>relativna vlaga v omarici</td> 
		  <td>4035</td> 
		  <td>D</td> 
		    <td><a href="izpis_dok.php?id_kal=25013">mbi14/01-015</a></td>	  		
		   <td>09.01.14</td>		  
		   <td>130780</td>
		   <td>503322</td>
		   <td>305,089</td>
	  </tr>
<tr>
          <td>mbIO120</td>
    	  <td>R14/01-015</td>
		   <td>14010015</td>
		  <td>ELTRATEC</td>	  
		  <td>napajalna napetost</td> 
		  <td>4070</td> 
		  <td>D</td> 
		    <td><a href="izpis_dok.php?id_kal=25014">mbi14/01-015</a></td>	  		
		   <td>09.01.14</td>		  
		   <td>130780</td>
		   <td>503322</td>
		   <td>305,089</td>
	  </tr>
<tr>
          <td>VEGApuls 67</td>
    	  <td>26942374</td>
		   <td>26942374</td>
		  <td>VEGA</td>	  
		  <td>vodostaj - radarski merilnik</td> 
		  <td>4061</td> 
		  <td>D</td> 
		    <td><a href="izpis_dok.php?id_kal=25011">D_1978481_1_26942374</a></td>	  		
		   <td>14.02.14</td>		  
		   <td>130780</td>
		   <td>503322</td>
		   <td>305,089</td>
	  </tr>
<tr>
          <td>1000_1000EO700-sp</td>
    	  <td>00026</td>
		   <td>00026</td>
		  <td>ROBOTINA</td>	  
		  <td></td> 
		  <td></td> 
		  <td></td> 
		    <td><b>CSP00026</b></td>	  		
		   <td>21.01.14</td>		  
		   <td>130780</td>
		   <td>503322</td>
		   <td>305,089</td>
	  </tr>
<tr>
          <td>1000_1000EO700-sp</td>
    	  <td>00026</td>
		   <td>00026</td>
		  <td>ROBOTINA</td>	  
		  <td></td> 
		  <td></td> 
		  <td></td> 
		    <td><a href="izpis_dok.php?id_kal=25263">CSP00026</a></td>	  		
		   <td>21.01.14</td>		  
		   <td>130780</td>
		   <td>503322</td>
		   <td>305,089</td>
	  </tr>
</table>
 <br/> 
<HR noshade>	
<b><center> <font  color=red face=Times size=3> XOBER - Nastavitve za operativno ARSO mre&#0382;o  </font></center></b> 
<HR noshade>	
<table border=1 cellpadding=5 >
<tr >
		<td><b><font  face=Times size=3> </font></b></td>
		<td><b><font  face=Times size=3>NAME </font></b></td>
		<td><b><font  face=Times size=3>IP</font></b></td>
		<td><b><font  face=Times size=3>NETMASK</font></b></td>
		<td><b><font  face=Times size=3>BROADCAST</font></b></td>
		<td><b><font  face=Times size=3>GATEWAY</font></b></td>  
     </tr>
<tr>
    	  <td>ETH0</td>
		  <td>xober-servis</td>
		  <td>192.168.5.127</td>	  
		  <td>255.255.255.0</td>	  
		  <td></td>	
		  <td></td>	  	
	  </tr>
</table>
 <br/> 
 <br/> 
<b><font  face=Times size=3>  GSM kartica  </font></b> 
<table  border=1  cellpadding=3>
<tr >
		<td><b><font  face=Times size=3>IP</font></b></td>
		<td><b><font  face=Times size=3>SIM_NO</font></b></td>
		<td><b><font  face=Times size=3>SIM_SN</font></b></td>
		<td><b><font  face=Times size=3>PIN</font></b></td>
		<td><b><font  face=Times size=3>PUK</font></b></td>
		<td><b><font  face=Times size=3>APN</font></b></td>
		<td><b><font  face=Times size=3>USERNAME</font></b></td>
		<td><b><font  face=Times size=3>PASSWORD</font></b></td>
		<td><b><font  face=Times size=3>DNS_NAME</font></b></td>
     </tr>
<tr>
    	  <td>172.19.161.42</td>	  
		  <td>031 392 988</td>	  
		  <td>160315196667</td>	  
		  <td>pina ni</td>	  
		  <td></td>	  
		  <td>arso.si</td>	  
		  <td>38631393772</td>
		  <td>arso</td>
		  <td>H443.gprs.arso.sigov.si</td>	
	  </tr>
</table>
 <br/> 
<b><font  face=Times size=3>  Serverji  </font></b> 
<table border=1 cellpadding=5 >
<tr> <td>DNS</td>	 <td>172.19.0.55, 172.19.0.51, 172.19.0.40</td>  </tr>
	  <tr> <td>PING</td> <td>172.19.0.1</td>  </tr>	  
	  <tr> <td>NTP </td> <td>ntp.arso.sigov.si</td>	 </tr>
	  
		  
	  </tr>
</table>
<table border=1 cellpadding=5 >
<tr></tr>
<tr >
		<td><b><font  face=Times size=3>Port</font></b></td>
		<td><b><font  face=Times size=3>Server</font></b></td>
		<td><b><font  face=Times size=3>Username</font></b></td>
		<td><b><font  face=Times size=3>Password</font></b></td>
     </tr>

	  <tr> <td>FTP &nbsp;</td> <td>hober.arso.sigov.si&nbsp;&nbsp;&nbsp;&nbsp;&nbsp;&nbsp;&nbsp;&nbsp;&nbsp;&nbsp;&nbsp;&nbsp;&nbsp;&nbsp;&nbsp;&nbsp;&nbsp;&nbsp;&nbsp;&nbsp;&nbsp;&nbsp;&nbsp;&nbsp;&nbsp;&nbsp;&nbsp;&nbsp;&nbsp;</td>	
		  <td>H443</td>
		  <td>HoberZaAMP</td>	
	  </tr>
</table>
 <br/> 
                              