<html>
<META HTTP-EQUIV="Content-Type" CONTENT="text/html; charset=ISO-8859-2">  <b><font  face=Times size=4>  Koda postaje: H534 Nazarje Savinja  </font></b>  <br/>
 <font  face=Times size=4> Ime postaje: hober134  </font>  <br/>
 <font  face=Times size=4> Tip postaje: 001  </font>  <br/>
 <font  face=Times size=4> Tip datoteke: K01  </font>  <br/>
 <font  face=Times size=4> Ime lokacije: Nazarje  </font>  <br/>
 <font  face=Times size=4> Koda lokacije: 06060  </font>  <br/>
    <font  face=Times size=4>Gx lokacije=130800, </font> <font  face=Times size=4>Gy lokacije=496710 </font>  <font  face=Times size=4>Gz lokacije=336,97  </font><br/> 
 <br/> 
<table border=1 cellpadding=5 >
<tr >
		<td><b><font  face=Times size=3>Tip</font></b></td>
		<td><b><font  face=Times size=3>Serijska &#0353;tevilka </font></b></td>
		<td><b><font  face=Times size=3>Serijska &#0353;tevilka </font></b></td>
		<td><b><font  face=Times size=3>Proizvajalec</font></b></td>
		
		<td><b><font  face=Times size=3>Merjeni_parameter</font></b></td>
		<td><b><font  face=Times size=3>pcode</font></b></td>
		<td><b><font  face=Times size=3>aktiven</font></b></td>
		
		<td><b><font  face=Times size=3>Oznaka certifikata</font></b></td>
		<td><b><font  face=Times size=3>Datum certifikata</font></b></td>
		
		<td><b><font  face=Times size=3>Gx</font></b></td>
		<td><b><font  face=Times size=3>Gy</font></b></td>
		<td><b><font  face=Times size=3>Gz</font></b></td>
		
     </tr>
<tr>
          <td>CBS Bubblesensor</td>
    	  <td>313131</td>
		   <td>313131</td>
		  <td>OTT HYDROMETRIE</td>	  
		  <td>vodostaj - bubble senzor CBS</td> 
		  <td>4063</td> 
		  <td>D</td> 
		    <td><a href="izpis_dok.php?id_kal=34513">FATCBS/313131</a></td>	  		
		   <td>19.10.12</td>		  
		   <td>130800</td>
		   <td>496710</td>
		   <td>336,97</td>
	  </tr>
<tr>
          <td>GSR120NT</td>
    	  <td>15010008</td>
		   <td>15010008</td>
		  <td>ELTRATEC</td>	  
		  <td>T vode - sonda</td> 
		  <td>4030</td> 
		  <td>D</td> 
		    <td><a href="izpis_dok.php?id_kal=28834">gsr15010008</a></td>	  		
		   <td>15.01.15</td>		  
		   <td>130800</td>
		   <td>496710</td>
		   <td>336,97</td>
	  </tr>
<tr>
          <td>GSR120NT</td>
    	  <td>15010008</td>
		   <td>15010008</td>
		  <td>ELTRATEC</td>	  
		  <td>vodostaj - sonda</td> 
		  <td>4060</td> 
		  <td>D</td> 
		    <td><a href="izpis_dok.php?id_kal=28833">gsr15010008</a></td>	  		
		   <td>15.01.15</td>		  
		   <td>130800</td>
		   <td>496710</td>
		   <td>336,97</td>
	  </tr>
<tr>
          <td>mbIO120</td>
    	  <td>14121983</td>
		   <td>14121983</td>
		  <td>ELTRATEC</td>	  
		  <td>napajalna napetost</td> 
		  <td>4070</td> 
		  <td>D</td> 
		    <td><a href="izpis_dok.php?id_kal=29178">mbi14121983</a></td>	  		
		   <td>22.12.14</td>		  
		   <td>130800</td>
		   <td>496710</td>
		   <td>336,97</td>
	  </tr>
<tr>
          <td>mbIO120</td>
    	  <td>14121983</td>
		   <td>14121983</td>
		  <td>ELTRATEC</td>	  
		  <td>temperatura zraka v omarici</td> 
		  <td>4014</td> 
		  <td>D</td> 
		    <td><a href="izpis_dok.php?id_kal=29176">mbi14121983</a></td>	  		
		   <td>22.12.14</td>		  
		   <td>130800</td>
		   <td>496710</td>
		   <td>336,97</td>
	  </tr>
<tr>
          <td>mbIO120</td>
    	  <td>14121983</td>
		   <td>14121983</td>
		  <td>ELTRATEC</td>	  
		  <td>relativna vlaga v omarici</td> 
		  <td>4035</td> 
		  <td>D</td> 
		    <td><a href="izpis_dok.php?id_kal=29177">mbi14121983</a></td>	  		
		   <td>22.12.14</td>		  
		   <td>130800</td>
		   <td>496710</td>
		   <td>336,97</td>
	  </tr>
<tr>
          <td>1000_1000EO700-230V</td>
    	  <td>00014</td>
		   <td>00014</td>
		  <td>ROBOTINA</td>	  
		  <td></td> 
		  <td></td> 
		  <td></td> 
		    <td><a href="izpis_dok.php?id_kal=29172">C230-00014</a></td>	  		
		   <td>04.05.15</td>		  
		   <td>130800</td>
		   <td>496710</td>
		   <td>336,97</td>
	  </tr>
</table>
 <br/> 
<HR noshade>	
<b><center> <font  color=red face=Times size=3> XOBER - Nastavitve za operativno ARSO mre&#0382;o  </font></center></b> 
<HR noshade>	
<table border=1 cellpadding=5 >
<tr >
		<td><b><font  face=Times size=3> </font></b></td>
		<td><b><font  face=Times size=3>NAME </font></b></td>
		<td><b><font  face=Times size=3>IP</font></b></td>
		<td><b><font  face=Times size=3>NETMASK</font></b></td>
		<td><b><font  face=Times size=3>BROADCAST</font></b></td>
		<td><b><font  face=Times size=3>GATEWAY</font></b></td>  
     </tr>
<tr>
    	  <td>ETH0</td>
		  <td>H534.mpls.arso.sigov.si</td>
		  <td>172.19.133.50</td>	  
		  <td>255.255.255.240</td>	  
		  <td>172.19.133.63  </td>	
		  <td>172.19.133.49</td>	  	
	  </tr>
</table>
 <br/> 
<b><font  face=Times size=3>  Serverji  </font></b> 
<table border=1 cellpadding=5 >
<tr> <td>DNS</td>	 <td>172.19.0.55, 172.19.0.51, 172.19.0.40</td>  </tr>
	  <tr> <td>PING</td> <td>172.19.0.1</td>  </tr>	  
	  <tr> <td>NTP </td> <td>ntp.arso.sigov.si</td>	 </tr>
	  
		  
	  </tr>
</table>
<table border=1 cellpadding=5 >
<tr></tr>
<tr >
		<td><b><font  face=Times size=3>Port</font></b></td>
		<td><b><font  face=Times size=3>Server</font></b></td>
		<td><b><font  face=Times size=3>Username</font></b></td>
		<td><b><font  face=Times size=3>Password</font></b></td>
     </tr>

	  <tr> <td>FTP &nbsp;</td> <td>hober.arso.sigov.si&nbsp;&nbsp;&nbsp;&nbsp;&nbsp;&nbsp;&nbsp;&nbsp;&nbsp;&nbsp;&nbsp;&nbsp;&nbsp;&nbsp;&nbsp;&nbsp;&nbsp;&nbsp;&nbsp;&nbsp;&nbsp;&nbsp;&nbsp;&nbsp;&nbsp;&nbsp;&nbsp;&nbsp;&nbsp;</td>	
		  <td>H534</td>
		  <td>HoberZaAMP</td>	
	  </tr>
</table>
 <br/> 
<table border=1 cellpadding=5 >
<tr >
		<td><b><font  face=Times size=3>Kamere</font></b></td>
		<td><b><font  face=Times size=3>NAME </font></b></td>
		<td><b><font  face=Times size=3>IP</font></b></td>
		<td><b><font  face=Times size=3>NETMASK</font></b></td>
		<td><b><font  face=Times size=3>BROADCAST</font></b></td>
		<td><b><font  face=Times size=3>GATEWAY</font></b></td>  
		
		<td><b><font  face=Times size=4>Username</font></b></td>
		<td><b><font  face=Times size=4>Password</font></b></td>
     </tr>
<tr >
		<td><font  face=Times size=4>CAM1</font></td>
		<td><font  face=Times size=4>CH00011.mpls.arso.sigov.si</font></td>
		<td><font  face=Times size=4>172.19.133.51</font></td>
		<td><font  face=Times size=4>255.255.255.240</font></td>
		<td><font  face=Times size=4>172.19.133.63  </font></td>
		<td><font  face=Times size=4>172.19.133.49</font></td>
		
		<td><font  face=Times size=4>admin</font></td>
		<td><font  face=Times size=4>rebox</font></td>
     </tr>
</table>
 <br/> 
<table border=1 cellpadding=5 >
<tr >
		<td><b><font  face=Times size=3>Ping for POWER RESET</font></b></td>
		<td><b><font  face=Times size=3>172.18.133.49 </font></b></td>
		
     </tr>
</table>
                              