<html>
<META HTTP-EQUIV="Content-Type" CONTENT="text/html; charset=ISO-8859-2">  <b><font  face=Times size=4>  Koda postaje: H535 Muta I Bistrica  </font></b>  <br/>
 <font  face=Times size=4> Ime postaje: hober135  </font>  <br/>
 <font  face=Times size=4> Tip postaje: 001  </font>  <br/>
 <font  face=Times size=4> Tip datoteke: K01  </font>  <br/>
 <font  face=Times size=4> Ime lokacije: Muta I  </font>  <br/>
 <font  face=Times size=4> Koda lokacije: 02432  </font>  <br/>
    <font  face=Times size=4>Gx lokacije=163144, </font> <font  face=Times size=4>Gy lokacije=512910 </font>  <font  face=Times size=4>Gz lokacije=325,757  </font><br/> 
 <br/> 
<table border=1 cellpadding=5 >
<tr >
		<td><b><font  face=Times size=3>Tip</font></b></td>
		<td><b><font  face=Times size=3>Serijska &#0353;tevilka </font></b></td>
		<td><b><font  face=Times size=3>Serijska &#0353;tevilka </font></b></td>
		<td><b><font  face=Times size=3>Proizvajalec</font></b></td>
		
		<td><b><font  face=Times size=3>Merjeni_parameter</font></b></td>
		<td><b><font  face=Times size=3>pcode</font></b></td>
		<td><b><font  face=Times size=3>aktiven</font></b></td>
		
		<td><b><font  face=Times size=3>Oznaka certifikata</font></b></td>
		<td><b><font  face=Times size=3>Datum certifikata</font></b></td>
		
		<td><b><font  face=Times size=3>Gx</font></b></td>
		<td><b><font  face=Times size=3>Gy</font></b></td>
		<td><b><font  face=Times size=3>Gz</font></b></td>
		
     </tr>
<tr>
          <td>CBS Bubblesensor</td>
    	  <td>291747</td>
		   <td>291747</td>
		  <td>OTT HYDROMETRIE</td>	  
		  <td>vodostaj - bubble senzor CBS</td> 
		  <td>4063</td> 
		  <td>D</td> 
		    <td><b>FATCBS/291747</b></td>	  		
		   <td>11.10.11</td>		  
		   <td>163144</td>
		   <td>512910</td>
		   <td>325,757</td>
	  </tr>
<tr>
          <td>DS18B20</td>
    	  <td>T15/12-1844</td>
		   <td>T15/12-1844</td>
		  <td>ELTRATEC</td>	  
		  <td>T vode- digitalen senzor</td> 
		  <td>4031</td> 
		  <td>D</td> 
		    <td><a href="izpis_dok.php?id_kal=34527">cc_EKT11-15121844</a></td>	  		
		   <td>10.12.15</td>		  
		   <td>163144</td>
		   <td>512910</td>
		   <td>325,757</td>
	  </tr>
<tr>
          <td>mbIO120</td>
    	  <td>14121984</td>
		   <td>14121984</td>
		  <td>ELTRATEC</td>	  
		  <td>relativna vlaga v omarici</td> 
		  <td>4035</td> 
		  <td>D</td> 
		    <td><a href="izpis_dok.php?id_kal=29120">mbi14121984</a></td>	  		
		   <td>22.12.14</td>		  
		   <td>163144</td>
		   <td>512910</td>
		   <td>325,757</td>
	  </tr>
<tr>
          <td>mbIO120</td>
    	  <td>14121984</td>
		   <td>14121984</td>
		  <td>ELTRATEC</td>	  
		  <td>temperatura zraka v omarici</td> 
		  <td>4014</td> 
		  <td>D</td> 
		    <td><a href="izpis_dok.php?id_kal=29119">mbi14121984</a></td>	  		
		   <td>22.12.14</td>		  
		   <td>163144</td>
		   <td>512910</td>
		   <td>325,757</td>
	  </tr>
<tr>
          <td>mbIO120</td>
    	  <td>14121984</td>
		   <td>14121984</td>
		  <td>ELTRATEC</td>	  
		  <td>napajalna napetost</td> 
		  <td>4070</td> 
		  <td>D</td> 
		    <td><a href="izpis_dok.php?id_kal=29121">mbi14121984</a></td>	  		
		   <td>22.12.14</td>		  
		   <td>163144</td>
		   <td>512910</td>
		   <td>325,757</td>
	  </tr>
<tr>
          <td>PLUVIO2 200</td>
    	  <td>378758</td>
		   <td>378758</td>
		  <td>OTT HYDROMETRIE</td>	  
		  <td>RR - Pluvio2</td> 
		  <td>3120</td> 
		  <td>D</td> 
		    <td><a href="izpis_dok.php?id_kal=34421">cc_Pluvio2-378758</a></td>	  		
		   <td>06.10.15</td>		  
		   <td>163144</td>
		   <td>512910</td>
		   <td>325,757</td>
	  </tr>
<tr>
          <td>PLUVIO2 200</td>
    	  <td>378758</td>
		   <td>378758</td>
		  <td>OTT HYDROMETRIE</td>	  
		  <td>napolnjenost posode - Pluvio2</td> 
		  <td>3121</td> 
		  <td>D</td> 
		    <td><a href="izpis_dok.php?id_kal=34422">cc_Pluvio2-378758</a></td>	  		
		   <td>06.10.15</td>		  
		   <td>163144</td>
		   <td>512910</td>
		   <td>325,757</td>
	  </tr>
<tr>
          <td>VEGApuls 67</td>
    	  <td>32083631</td>
		   <td>32083631</td>
		  <td>VEGA</td>	  
		  <td>vodostaj - radarski merilnik</td> 
		  <td>4061</td> 
		  <td>D</td> 
		    <td><a href="izpis_dok.php?id_kal=32609">cc_VEGAPULS67-32083631.PDF</a></td>	  		
		   <td>23.11.15</td>		  
		   <td>163144</td>
		   <td>512910</td>
		   <td>325,757</td>
	  </tr>
<tr>
          <td>1000_1000EO700-230V</td>
    	  <td>00015</td>
		   <td>00015</td>
		  <td>ROBOTINA</td>	  
		  <td></td> 
		  <td></td> 
		  <td></td> 
		    <td><a href="izpis_dok.php?id_kal=29115">C230-00015</a></td>	  		
		   <td>05.01.15</td>		  
		   <td>163144</td>
		   <td>512910</td>
		   <td>325,757</td>
	  </tr>
</table>
 <br/> 
<HR noshade>	
<b><center> <font  color=red face=Times size=3> XOBER - Nastavitve za operativno ARSO mre&#0382;o  </font></center></b> 
<HR noshade>	
<table border=1 cellpadding=5 >
<tr >
		<td><b><font  face=Times size=3> </font></b></td>
		<td><b><font  face=Times size=3>NAME </font></b></td>
		<td><b><font  face=Times size=3>IP</font></b></td>
		<td><b><font  face=Times size=3>NETMASK</font></b></td>
		<td><b><font  face=Times size=3>BROADCAST</font></b></td>
		<td><b><font  face=Times size=3>GATEWAY</font></b></td>  
     </tr>
<tr>
    	  <td>ETH0</td>
		  <td>H535.mpls.arso.sigov.si</td>
		  <td>172.19.131.34</td>	  
		  <td>255.255.255.240</td>	  
		  <td>172.19.131.47 </td>	
		  <td>172.19.131.33</td>	  	
	  </tr>
</table>
 <br/> 
<table border=1 cellpadding=5 >
<tr >
		<td><b>COM Serverji</b></td>
	    <td><b><font  face=Times size=3>NAME </font></b></td>
		<td><b><font  face=Times size=3>IP</font></b></td>
		<td><b><font  face=Times size=3>NETMASK</font></b></td>
		<td><b><font  face=Times size=3>BROADCAST</font></b></td>
		<td><b><font  face=Times size=3>GATEWAY</font></b></td> 
		<td><b><font  face=Times size=3>Username</font></b></td>
		<td><b><font  face=Times size=3>Pasword</font></b></td> 
     </tr>
<tr>
    	    
		  <td>COM1</td>
		  <td>H535-Com1.mpls.arso.sigov.si</td>
		  <td>172.19.131.35</td>	
		  <td>255.255.255.240</td>	  
		  <td>172.19.131.47 </td>	
		  <td>172.19.131.33</td>
		  <td>admin</td>
		  <td>rebox</td>
	  </tr>
</table>
 <br/> 
<b><font  face=Times size=3>  Serverji  </font></b> 
<table border=1 cellpadding=5 >
<tr> <td>DNS</td>	 <td>172.19.0.55, 172.19.0.51, 172.19.0.40</td>  </tr>
	  <tr> <td>PING</td> <td>172.19.0.1</td>  </tr>	  
	  <tr> <td>NTP </td> <td>ntp.arso.sigov.si</td>	 </tr>
	  
		  
	  </tr>
</table>
<table border=1 cellpadding=5 >
<tr></tr>
<tr >
		<td><b><font  face=Times size=3>Port</font></b></td>
		<td><b><font  face=Times size=3>Server</font></b></td>
		<td><b><font  face=Times size=3>Username</font></b></td>
		<td><b><font  face=Times size=3>Password</font></b></td>
     </tr>

	  <tr> <td>FTP &nbsp;</td> <td>hober.arso.sigov.si&nbsp;&nbsp;&nbsp;&nbsp;&nbsp;&nbsp;&nbsp;&nbsp;&nbsp;&nbsp;&nbsp;&nbsp;&nbsp;&nbsp;&nbsp;&nbsp;&nbsp;&nbsp;&nbsp;&nbsp;&nbsp;&nbsp;&nbsp;&nbsp;&nbsp;&nbsp;&nbsp;&nbsp;&nbsp;</td>	
		  <td>H535</td>
		  <td>HoberZaAMP</td>	
	  </tr>
</table>
 <br/> 
<table border=1 cellpadding=5 >
<tr >
		<td><b><font  face=Times size=3>Kamere</font></b></td>
		<td><b><font  face=Times size=3>NAME </font></b></td>
		<td><b><font  face=Times size=3>IP</font></b></td>
		<td><b><font  face=Times size=3>NETMASK</font></b></td>
		<td><b><font  face=Times size=3>BROADCAST</font></b></td>
		<td><b><font  face=Times size=3>GATEWAY</font></b></td>  
		
		<td><b><font  face=Times size=4>Username</font></b></td>
		<td><b><font  face=Times size=4>Password</font></b></td>
     </tr>
<tr >
		<td><font  face=Times size=4>CAM1</font></td>
		<td><font  face=Times size=4>CH00012.mpls.arso.sigov.si</font></td>
		<td><font  face=Times size=4>172.19.131.36</font></td>
		<td><font  face=Times size=4>255.255.255.240</font></td>
		<td><font  face=Times size=4>172.19.131.47 </font></td>
		<td><font  face=Times size=4>172.19.131.33</font></td>
		
		<td><font  face=Times size=4>admin</font></td>
		<td><font  face=Times size=4>rebox</font></td>
     </tr>
</table>
 <br/> 
<table border=1 cellpadding=5 >
<tr >
		<td><b><font  face=Times size=3>Ping for POWER RESET</font></b></td>
		<td><b><font  face=Times size=3>172.18.131.33 </font></b></td>
		
     </tr>
</table>
                              