<html>
<META HTTP-EQUIV="Content-Type" CONTENT="text/html; charset=ISO-8859-2">  <b><font  face=Times size=4>  Koda postaje: H542 Gornja Radgona I Mura  </font></b>  <br/>
 <font  face=Times size=4> Ime postaje: hober142  </font>  <br/>
 <font  face=Times size=4> Tip postaje: 001  </font>  <br/>
 <font  face=Times size=4> Tip datoteke: K01  </font>  <br/>
 <font  face=Times size=4> Ime lokacije: Gornja Radgona I  </font>  <br/>
 <font  face=Times size=4> Koda lokacije: 01060  </font>  <br/>
    <font  face=Times size=4>Gx lokacije=171284, </font> <font  face=Times size=4>Gy lokacije=576509 </font>  <font  face=Times size=4>Gz lokacije=202,338  </font><br/> 
 <br/> 
<table border=1 cellpadding=5 >
<tr >
		<td><b><font  face=Times size=3>Tip</font></b></td>
		<td><b><font  face=Times size=3>Serijska &#0353;tevilka </font></b></td>
		<td><b><font  face=Times size=3>Serijska &#0353;tevilka </font></b></td>
		<td><b><font  face=Times size=3>Proizvajalec</font></b></td>
		
		<td><b><font  face=Times size=3>Merjeni_parameter</font></b></td>
		<td><b><font  face=Times size=3>pcode</font></b></td>
		<td><b><font  face=Times size=3>aktiven</font></b></td>
		
		<td><b><font  face=Times size=3>Oznaka certifikata</font></b></td>
		<td><b><font  face=Times size=3>Datum certifikata</font></b></td>
		
		<td><b><font  face=Times size=3>Gx</font></b></td>
		<td><b><font  face=Times size=3>Gy</font></b></td>
		<td><b><font  face=Times size=3>Gz</font></b></td>
		
     </tr>
<tr>
          <td>GSR120NT</td>
    	  <td>15010010</td>
		   <td>15010010</td>
		  <td>ELTRATEC</td>	  
		  <td>vodostaj - sonda</td> 
		  <td>4060</td> 
		  <td>D</td> 
		    <td><a href="izpis_dok.php?id_kal=28837">gsr15010010</a></td>	  		
		   <td>15.01.15</td>		  
		   <td>171284</td>
		   <td>576509</td>
		   <td>202,338</td>
	  </tr>
<tr>
          <td>GSR120NT</td>
    	  <td>15010010</td>
		   <td>15010010</td>
		  <td>ELTRATEC</td>	  
		  <td>T vode - sonda</td> 
		  <td>4030</td> 
		  <td>D</td> 
		    <td><a href="izpis_dok.php?id_kal=28838">gsr15010010</a></td>	  		
		   <td>15.01.15</td>		  
		   <td>171284</td>
		   <td>576509</td>
		   <td>202,338</td>
	  </tr>
<tr>
          <td>mbIO120</td>
    	  <td>14121985</td>
		   <td>14121985</td>
		  <td>ELTRATEC</td>	  
		  <td>relativna vlaga v omarici</td> 
		  <td>4035</td> 
		  <td>D</td> 
		    <td><a href="izpis_dok.php?id_kal=29108">mbi14121985</a></td>	  		
		   <td>22.12.14</td>		  
		   <td>171284</td>
		   <td>576509</td>
		   <td>202,338</td>
	  </tr>
<tr>
          <td>mbIO120</td>
    	  <td>14121985</td>
		   <td>14121985</td>
		  <td>ELTRATEC</td>	  
		  <td>napajalna napetost</td> 
		  <td>4070</td> 
		  <td>D</td> 
		    <td><a href="izpis_dok.php?id_kal=29109">mbi14121985</a></td>	  		
		   <td>22.12.14</td>		  
		   <td>171284</td>
		   <td>576509</td>
		   <td>202,338</td>
	  </tr>
<tr>
          <td>mbIO120</td>
    	  <td>14121985</td>
		   <td>14121985</td>
		  <td>ELTRATEC</td>	  
		  <td>temperatura zraka v omarici</td> 
		  <td>4014</td> 
		  <td>D</td> 
		    <td><a href="izpis_dok.php?id_kal=29107">mbi14121985</a></td>	  		
		   <td>22.12.14</td>		  
		   <td>171284</td>
		   <td>576509</td>
		   <td>202,338</td>
	  </tr>
<tr>
          <td>PLUVIO2 200</td>
    	  <td>370593</td>
		   <td>370593</td>
		  <td>OTT HYDROMETRIE</td>	  
		  <td>RR - Pluvio2</td> 
		  <td>3120</td> 
		  <td>D</td> 
		    <td><a href="izpis_dok.php?id_kal=30004">cc_Pluvio2-370593</a></td>	  		
		   <td>20.05.15</td>		  
		   <td>171284</td>
		   <td>576509</td>
		   <td>202,338</td>
	  </tr>
<tr>
          <td>PLUVIO2 200</td>
    	  <td>370593</td>
		   <td>370593</td>
		  <td>OTT HYDROMETRIE</td>	  
		  <td>napolnjenost posode - Pluvio2</td> 
		  <td>3121</td> 
		  <td>D</td> 
		    <td><a href="izpis_dok.php?id_kal=30005">cc_Pluvio2-370593</a></td>	  		
		   <td>20.05.15</td>		  
		   <td>171284</td>
		   <td>576509</td>
		   <td>202,338</td>
	  </tr>
<tr>
          <td>Solitax TS-linija SC</td>
    	  <td>1598082</td>
		   <td>1598082</td>
		  <td>HACHLANGE</td>	  
		  <td>motnost vode FNU</td> 
		  <td>4201</td> 
		  <td>D</td> 
		    <td><b></b></td>	  		
		   <td></td>		  
		   <td>171284</td>
		   <td>576509</td>
		   <td>202,338</td>
	  </tr>
<tr>
          <td>Solitax TS-linija SC</td>
    	  <td>1598082</td>
		   <td>1598082</td>
		  <td>HACHLANGE</td>	  
		  <td>suspendiran material</td> 
		  <td>4202</td> 
		  <td>D</td> 
		    <td><b></b></td>	  		
		   <td></td>		  
		   <td>171284</td>
		   <td>576509</td>
		   <td>202,338</td>
	  </tr>
<tr>
          <td>VEGApuls 67</td>
    	  <td>29539424</td>
		   <td>29539424</td>
		  <td>VEGA</td>	  
		  <td>vodostaj - radarski merilnik</td> 
		  <td>4061</td> 
		  <td>D</td> 
		    <td><a href="izpis_dok.php?id_kal=29106">cc_VEGAPULS67-29539424</a></td>	  		
		   <td>13.01.15</td>		  
		   <td>171284</td>
		   <td>576509</td>
		   <td>202,338</td>
	  </tr>
<tr>
          <td>1000_1000EO700-230V</td>
    	  <td>00016</td>
		   <td>00016</td>
		  <td>ROBOTINA</td>	  
		  <td></td> 
		  <td></td> 
		  <td></td> 
		    <td><a href="izpis_dok.php?id_kal=29102">C230-00016</a></td>	  		
		   <td>05.01.15</td>		  
		   <td>171284</td>
		   <td>576509</td>
		   <td>202,338</td>
	  </tr>
</table>
 <br/> 
<HR noshade>	
<b><center> <font  color=red face=Times size=3> XOBER - Nastavitve za operativno ARSO mre&#0382;o  </font></center></b> 
<HR noshade>	
<table border=1 cellpadding=5 >
<tr >
		<td><b><font  face=Times size=3> </font></b></td>
		<td><b><font  face=Times size=3>NAME </font></b></td>
		<td><b><font  face=Times size=3>IP</font></b></td>
		<td><b><font  face=Times size=3>NETMASK</font></b></td>
		<td><b><font  face=Times size=3>BROADCAST</font></b></td>
		<td><b><font  face=Times size=3>GATEWAY</font></b></td>  
     </tr>
<tr>
    	  <td>ETH0</td>
		  <td>H542.mpls.arso.sigov.si</td>
		  <td>172.19.130.130</td>	  
		  <td>255.255.255.240</td>	  
		  <td>172.19.130.143  </td>	
		  <td>172.19.130.129</td>	  	
	  </tr>
</table>
 <br/> 
<table border=1 cellpadding=5 >
<tr >
		<td><b>COM Serverji</b></td>
	    <td><b><font  face=Times size=3>NAME </font></b></td>
		<td><b><font  face=Times size=3>IP</font></b></td>
		<td><b><font  face=Times size=3>NETMASK</font></b></td>
		<td><b><font  face=Times size=3>BROADCAST</font></b></td>
		<td><b><font  face=Times size=3>GATEWAY</font></b></td> 
		<td><b><font  face=Times size=3>Username</font></b></td>
		<td><b><font  face=Times size=3>Pasword</font></b></td> 
     </tr>
<tr>
    	    
		  <td>COM1</td>
		  <td>H542-Com1.mpls.arso.sigov.si</td>
		  <td>172.19.130.131</td>	
		  <td>255.255.255.240</td>	  
		  <td>172.19.130.143  </td>	
		  <td>172.19.130.129</td>
		  <td>admin</td>
		  <td>rebox</td>
	  </tr>
</table>
 <br/> 
<b><font  face=Times size=3>  Serverji  </font></b> 
<table border=1 cellpadding=5 >
<tr> <td>DNS</td>	 <td>172.19.0.55, 172.19.0.51, 172.19.0.40</td>  </tr>
	  <tr> <td>PING</td> <td>172.19.0.1</td>  </tr>	  
	  <tr> <td>NTP </td> <td>ntp.arso.sigov.si</td>	 </tr>
	  
		  
	  </tr>
</table>
<table border=1 cellpadding=5 >
<tr></tr>
<tr >
		<td><b><font  face=Times size=3>Port</font></b></td>
		<td><b><font  face=Times size=3>Server</font></b></td>
		<td><b><font  face=Times size=3>Username</font></b></td>
		<td><b><font  face=Times size=3>Password</font></b></td>
     </tr>

	  <tr> <td>FTP &nbsp;</td> <td>hober.arso.sigov.si&nbsp;&nbsp;&nbsp;&nbsp;&nbsp;&nbsp;&nbsp;&nbsp;&nbsp;&nbsp;&nbsp;&nbsp;&nbsp;&nbsp;&nbsp;&nbsp;&nbsp;&nbsp;&nbsp;&nbsp;&nbsp;&nbsp;&nbsp;&nbsp;&nbsp;&nbsp;&nbsp;&nbsp;&nbsp;</td>	
		  <td>H542</td>
		  <td>HoberZaAMP</td>	
	  </tr>
</table>
 <br/> 
<table border=1 cellpadding=5 >
<tr >
		<td><b><font  face=Times size=3>Kamere</font></b></td>
		<td><b><font  face=Times size=3>NAME </font></b></td>
		<td><b><font  face=Times size=3>IP</font></b></td>
		<td><b><font  face=Times size=3>NETMASK</font></b></td>
		<td><b><font  face=Times size=3>BROADCAST</font></b></td>
		<td><b><font  face=Times size=3>GATEWAY</font></b></td>  
		
		<td><b><font  face=Times size=4>Username</font></b></td>
		<td><b><font  face=Times size=4>Password</font></b></td>
     </tr>
<tr >
		<td><font  face=Times size=4>CAM1</font></td>
		<td><font  face=Times size=4>CH00013.mpls.arso.sigov.si</font></td>
		<td><font  face=Times size=4>172.19.130.132</font></td>
		<td><font  face=Times size=4>255.255.255.240</font></td>
		<td><font  face=Times size=4>172.19.130.143  </font></td>
		<td><font  face=Times size=4>172.19.130.129</font></td>
		
		<td><font  face=Times size=4>admin</font></td>
		<td><font  face=Times size=4>rebox</font></td>
     </tr>
</table>
 <br/> 
<table border=1 cellpadding=5 >
<tr >
		<td><b><font  face=Times size=3>Motnost</font></b></td>
		<td><b><font  face=Times size=3>NAME </font></b></td>
		<td><b><font  face=Times size=3>IP</font></b></td>
		<td><b><font  face=Times size=3>NETMASK</font></b></td>
		<td><b><font  face=Times size=3>BROADCAST</font></b></td>
		<td><b><font  face=Times size=3>GATEWAY</font></b></td>  
		
		<td><b><font  face=Times size=4>Username</font></b></td>
		<td><b><font  face=Times size=4>Password</font></b></td>
     </tr>
<tr >
		<td><font  face=Times size=4>MOT</font></td>
		<td><font  face=Times size=4>MOT0005.mpls.arso.sigov.si</font></td>
		<td><font  face=Times size=4>172.19.130.133</font></td>
		<td><font  face=Times size=4>255.255.255.240</font></td>
		<td><font  face=Times size=4>172.19.130.143  </font></td>
		<td><font  face=Times size=4>172.19.130.129</font></td>
		
		<td><font  face=Times size=4>admin</font></td>
		<td><font  face=Times size=4>rebox</font></td>
     </tr>
</table>
<table border=1 cellpadding=5 >
<tr >
		<td><b><font  face=Times size=3>Ping for POWER RESET</font></b></td>
		<td><b><font  face=Times size=3>172.18.130.129 </font></b></td>
		
     </tr>
</table>
                              